epoch,online_training_loss,fit_seconds
1,1.3563589962759806,4.965711200027727
2,1.0076236325556243,4.896665500011295
3,0.8015179800606171,4.96636269998271
4,0.6748859536904606,5.343749499996193
5,0.5925804316541898,4.835384400095791
6,0.5180701319752177,5.770320700015873
7,0.4549110570535468,5.106479199952446
8,0.42185183392372955,5.469940899987705
9,0.39846382454255125,5.611628699931316
10,0.3760931647387207,5.00690009992104
11,0.344431277237641,5.259210900054313
12,0.3216750932659351,5.152452599955723
13,0.3097305588419028,4.84269109996967
14,0.29166677364299,5.372314899927005
15,0.2507876387542946,5.027755399933085
16,0.24366514055450564,5.498501399997622
17,0.2410150433866575,5.189507800037973
18,0.22345331517294764,5.144726000027731
19,0.23075193019688667,5.398103000014089
20,0.23308127975612983,5.69552290008869
