path,extension
train/train/labels.cache,.cache
train/train/labels/crazing_10.txt,.txt
train/train/labels/crazing_100.txt,.txt
train/train/labels/crazing_101.txt,.txt
train/train/labels/crazing_102.txt,.txt
train/train/labels/crazing_103.txt,.txt
train/train/labels/crazing_104.txt,.txt
train/train/labels/crazing_105.txt,.txt
train/train/labels/crazing_106.txt,.txt
train/train/labels/crazing_107.txt,.txt
train/train/labels/crazing_108.txt,.txt
train/train/labels/crazing_109.txt,.txt
train/train/labels/crazing_11.txt,.txt
train/train/labels/crazing_110.txt,.txt
train/train/labels/crazing_111.txt,.txt
train/train/labels/crazing_112.txt,.txt
train/train/labels/crazing_113.txt,.txt
train/train/labels/crazing_114.txt,.txt
train/train/labels/crazing_115.txt,.txt
train/train/labels/crazing_116.txt,.txt
train/train/labels/crazing_117.txt,.txt
train/train/labels/crazing_118.txt,.txt
train/train/labels/crazing_119.txt,.txt
train/train/labels/crazing_12.txt,.txt
train/train/labels/crazing_120.txt,.txt
train/train/labels/crazing_121.txt,.txt
train/train/labels/crazing_122.txt,.txt
train/train/labels/crazing_123.txt,.txt
train/train/labels/crazing_124.txt,.txt
train/train/labels/crazing_125.txt,.txt
train/train/labels/crazing_126.txt,.txt
train/train/labels/crazing_127.txt,.txt
train/train/labels/crazing_128.txt,.txt
train/train/labels/crazing_129.txt,.txt
train/train/labels/crazing_13.txt,.txt
train/train/labels/crazing_130.txt,.txt
train/train/labels/crazing_131.txt,.txt
train/train/labels/crazing_132.txt,.txt
train/train/labels/crazing_133.txt,.txt
train/train/labels/crazing_134.txt,.txt
train/train/labels/crazing_135.txt,.txt
train/train/labels/crazing_136.txt,.txt
train/train/labels/crazing_137.txt,.txt
train/train/labels/crazing_138.txt,.txt
train/train/labels/crazing_139.txt,.txt
train/train/labels/crazing_14.txt,.txt
train/train/labels/crazing_140.txt,.txt
train/train/labels/crazing_141.txt,.txt
train/train/labels/crazing_142.txt,.txt
train/train/labels/crazing_143.txt,.txt
train/train/labels/crazing_144.txt,.txt
train/train/labels/crazing_145.txt,.txt
train/train/labels/crazing_146.txt,.txt
train/train/labels/crazing_147.txt,.txt
train/train/labels/crazing_148.txt,.txt
train/train/labels/crazing_149.txt,.txt
train/train/labels/crazing_15.txt,.txt
train/train/labels/crazing_150.txt,.txt
train/train/labels/crazing_151.txt,.txt
train/train/labels/crazing_152.txt,.txt
train/train/labels/crazing_153.txt,.txt
train/train/labels/crazing_154.txt,.txt
train/train/labels/crazing_155.txt,.txt
train/train/labels/crazing_156.txt,.txt
train/train/labels/crazing_157.txt,.txt
train/train/labels/crazing_158.txt,.txt
train/train/labels/crazing_159.txt,.txt
train/train/labels/crazing_16.txt,.txt
train/train/labels/crazing_160.txt,.txt
train/train/labels/crazing_161.txt,.txt
train/train/labels/crazing_162.txt,.txt
train/train/labels/crazing_163.txt,.txt
train/train/labels/crazing_164.txt,.txt
train/train/labels/crazing_165.txt,.txt
train/train/labels/crazing_166.txt,.txt
train/train/labels/crazing_167.txt,.txt
train/train/labels/crazing_168.txt,.txt
train/train/labels/crazing_169.txt,.txt
train/train/labels/crazing_17.txt,.txt
train/train/labels/crazing_170.txt,.txt
train/train/labels/crazing_171.txt,.txt
train/train/labels/crazing_172.txt,.txt
train/train/labels/crazing_173.txt,.txt
train/train/labels/crazing_174.txt,.txt
train/train/labels/crazing_175.txt,.txt
train/train/labels/crazing_176.txt,.txt
train/train/labels/crazing_177.txt,.txt
train/train/labels/crazing_178.txt,.txt
train/train/labels/crazing_179.txt,.txt
train/train/labels/crazing_18.txt,.txt
train/train/labels/crazing_180.txt,.txt
train/train/labels/crazing_181.txt,.txt
train/train/labels/crazing_182.txt,.txt
train/train/labels/crazing_183.txt,.txt
train/train/labels/crazing_184.txt,.txt
train/train/labels/crazing_185.txt,.txt
train/train/labels/crazing_186.txt,.txt
train/train/labels/crazing_187.txt,.txt
train/train/labels/crazing_188.txt,.txt
train/train/labels/crazing_189.txt,.txt
train/train/labels/crazing_19.txt,.txt
train/train/labels/crazing_190.txt,.txt
train/train/labels/crazing_191.txt,.txt
train/train/labels/crazing_192.txt,.txt
train/train/labels/crazing_193.txt,.txt
train/train/labels/crazing_194.txt,.txt
train/train/labels/crazing_195.txt,.txt
train/train/labels/crazing_196.txt,.txt
train/train/labels/crazing_197.txt,.txt
train/train/labels/crazing_198.txt,.txt
train/train/labels/crazing_199.txt,.txt
train/train/labels/crazing_20.txt,.txt
train/train/labels/crazing_200.txt,.txt
train/train/labels/crazing_201.txt,.txt
train/train/labels/crazing_202.txt,.txt
train/train/labels/crazing_203.txt,.txt
train/train/labels/crazing_204.txt,.txt
train/train/labels/crazing_205.txt,.txt
train/train/labels/crazing_206.txt,.txt
train/train/labels/crazing_207.txt,.txt
train/train/labels/crazing_208.txt,.txt
train/train/labels/crazing_209.txt,.txt
train/train/labels/crazing_21.txt,.txt
train/train/labels/crazing_210.txt,.txt
train/train/labels/crazing_211.txt,.txt
train/train/labels/crazing_212.txt,.txt
train/train/labels/crazing_213.txt,.txt
train/train/labels/crazing_214.txt,.txt
train/train/labels/crazing_215.txt,.txt
train/train/labels/crazing_216.txt,.txt
train/train/labels/crazing_217.txt,.txt
train/train/labels/crazing_218.txt,.txt
train/train/labels/crazing_219.txt,.txt
train/train/labels/crazing_22.txt,.txt
train/train/labels/crazing_220.txt,.txt
train/train/labels/crazing_221.txt,.txt
train/train/labels/crazing_222.txt,.txt
train/train/labels/crazing_223.txt,.txt
train/train/labels/crazing_224.txt,.txt
train/train/labels/crazing_225.txt,.txt
train/train/labels/crazing_226.txt,.txt
train/train/labels/crazing_227.txt,.txt
train/train/labels/crazing_228.txt,.txt
train/train/labels/crazing_229.txt,.txt
train/train/labels/crazing_23.txt,.txt
train/train/labels/crazing_230.txt,.txt
train/train/labels/crazing_231.txt,.txt
train/train/labels/crazing_232.txt,.txt
train/train/labels/crazing_233.txt,.txt
train/train/labels/crazing_234.txt,.txt
train/train/labels/crazing_235.txt,.txt
train/train/labels/crazing_236.txt,.txt
train/train/labels/crazing_237.txt,.txt
train/train/labels/crazing_238.txt,.txt
train/train/labels/crazing_239.txt,.txt
train/train/labels/crazing_24.txt,.txt
train/train/labels/crazing_240.txt,.txt
train/train/labels/crazing_241.txt,.txt
train/train/labels/crazing_242.txt,.txt
train/train/labels/crazing_243.txt,.txt
train/train/labels/crazing_244.txt,.txt
train/train/labels/crazing_245.txt,.txt
train/train/labels/crazing_246.txt,.txt
train/train/labels/crazing_247.txt,.txt
train/train/labels/crazing_248.txt,.txt
train/train/labels/crazing_249.txt,.txt
train/train/labels/crazing_25.txt,.txt
train/train/labels/crazing_250.txt,.txt
train/train/labels/crazing_251.txt,.txt
train/train/labels/crazing_252.txt,.txt
train/train/labels/crazing_253.txt,.txt
train/train/labels/crazing_254.txt,.txt
train/train/labels/crazing_255.txt,.txt
train/train/labels/crazing_256.txt,.txt
train/train/labels/crazing_257.txt,.txt
train/train/labels/crazing_258.txt,.txt
train/train/labels/crazing_259.txt,.txt
train/train/labels/crazing_26.txt,.txt
train/train/labels/crazing_260.txt,.txt
train/train/labels/crazing_261.txt,.txt
train/train/labels/crazing_262.txt,.txt
train/train/labels/crazing_263.txt,.txt
train/train/labels/crazing_264.txt,.txt
train/train/labels/crazing_265.txt,.txt
train/train/labels/crazing_266.txt,.txt
train/train/labels/crazing_267.txt,.txt
train/train/labels/crazing_268.txt,.txt
train/train/labels/crazing_269.txt,.txt
train/train/labels/crazing_27.txt,.txt
train/train/labels/crazing_270.txt,.txt
train/train/labels/crazing_271.txt,.txt
train/train/labels/crazing_272.txt,.txt
train/train/labels/crazing_273.txt,.txt
train/train/labels/crazing_274.txt,.txt
train/train/labels/crazing_275.txt,.txt
train/train/labels/crazing_276.txt,.txt
train/train/labels/crazing_277.txt,.txt
train/train/labels/crazing_278.txt,.txt
train/train/labels/crazing_279.txt,.txt
train/train/labels/crazing_28.txt,.txt
train/train/labels/crazing_280.txt,.txt
train/train/labels/crazing_281.txt,.txt
train/train/labels/crazing_282.txt,.txt
train/train/labels/crazing_283.txt,.txt
train/train/labels/crazing_284.txt,.txt
train/train/labels/crazing_285.txt,.txt
train/train/labels/crazing_286.txt,.txt
train/train/labels/crazing_287.txt,.txt
train/train/labels/crazing_288.txt,.txt
train/train/labels/crazing_289.txt,.txt
train/train/labels/crazing_29.txt,.txt
train/train/labels/crazing_290.txt,.txt
train/train/labels/crazing_291.txt,.txt
train/train/labels/crazing_292.txt,.txt
train/train/labels/crazing_293.txt,.txt
train/train/labels/crazing_294.txt,.txt
train/train/labels/crazing_295.txt,.txt
train/train/labels/crazing_296.txt,.txt
train/train/labels/crazing_297.txt,.txt
train/train/labels/crazing_298.txt,.txt
train/train/labels/crazing_299.txt,.txt
train/train/labels/crazing_30.txt,.txt
train/train/labels/crazing_300.txt,.txt
train/train/labels/crazing_31.txt,.txt
train/train/labels/crazing_32.txt,.txt
train/train/labels/crazing_33.txt,.txt
train/train/labels/crazing_34.txt,.txt
train/train/labels/crazing_35.txt,.txt
train/train/labels/crazing_36.txt,.txt
train/train/labels/crazing_37.txt,.txt
train/train/labels/crazing_38.txt,.txt
train/train/labels/crazing_39.txt,.txt
train/train/labels/crazing_40.txt,.txt
train/train/labels/crazing_41.txt,.txt
train/train/labels/crazing_42.txt,.txt
train/train/labels/crazing_43.txt,.txt
train/train/labels/crazing_44.txt,.txt
train/train/labels/crazing_45.txt,.txt
train/train/labels/crazing_46.txt,.txt
train/train/labels/crazing_47.txt,.txt
train/train/labels/crazing_48.txt,.txt
train/train/labels/crazing_49.txt,.txt
train/train/labels/crazing_50.txt,.txt
train/train/labels/crazing_51.txt,.txt
train/train/labels/crazing_52.txt,.txt
train/train/labels/crazing_53.txt,.txt
train/train/labels/crazing_54.txt,.txt
train/train/labels/crazing_55.txt,.txt
train/train/labels/crazing_56.txt,.txt
train/train/labels/crazing_57.txt,.txt
train/train/labels/crazing_58.txt,.txt
train/train/labels/crazing_59.txt,.txt
train/train/labels/crazing_6.txt,.txt
train/train/labels/crazing_60.txt,.txt
train/train/labels/crazing_61.txt,.txt
train/train/labels/crazing_62.txt,.txt
train/train/labels/crazing_63.txt,.txt
train/train/labels/crazing_64.txt,.txt
train/train/labels/crazing_65.txt,.txt
train/train/labels/crazing_66.txt,.txt
train/train/labels/crazing_67.txt,.txt
train/train/labels/crazing_68.txt,.txt
train/train/labels/crazing_69.txt,.txt
train/train/labels/crazing_7.txt,.txt
train/train/labels/crazing_70.txt,.txt
train/train/labels/crazing_71.txt,.txt
train/train/labels/crazing_72.txt,.txt
train/train/labels/crazing_73.txt,.txt
train/train/labels/crazing_74.txt,.txt
train/train/labels/crazing_75.txt,.txt
train/train/labels/crazing_76.txt,.txt
train/train/labels/crazing_77.txt,.txt
train/train/labels/crazing_78.txt,.txt
train/train/labels/crazing_79.txt,.txt
train/train/labels/crazing_8.txt,.txt
train/train/labels/crazing_80.txt,.txt
train/train/labels/crazing_81.txt,.txt
train/train/labels/crazing_82.txt,.txt
train/train/labels/crazing_83.txt,.txt
train/train/labels/crazing_84.txt,.txt
train/train/labels/crazing_85.txt,.txt
train/train/labels/crazing_86.txt,.txt
train/train/labels/crazing_87.txt,.txt
train/train/labels/crazing_88.txt,.txt
train/train/labels/crazing_89.txt,.txt
train/train/labels/crazing_9.txt,.txt
train/train/labels/crazing_90.txt,.txt
train/train/labels/crazing_91.txt,.txt
train/train/labels/crazing_92.txt,.txt
train/train/labels/crazing_93.txt,.txt
train/train/labels/crazing_94.txt,.txt
train/train/labels/crazing_95.txt,.txt
train/train/labels/crazing_96.txt,.txt
train/train/labels/crazing_97.txt,.txt
train/train/labels/crazing_98.txt,.txt
train/train/labels/crazing_99.txt,.txt
train/train/labels/inclusion_10.txt,.txt
train/train/labels/inclusion_100.txt,.txt
train/train/labels/inclusion_101.txt,.txt
train/train/labels/inclusion_102.txt,.txt
train/train/labels/inclusion_103.txt,.txt
train/train/labels/inclusion_104.txt,.txt
train/train/labels/inclusion_105.txt,.txt
train/train/labels/inclusion_106.txt,.txt
train/train/labels/inclusion_107.txt,.txt
train/train/labels/inclusion_108.txt,.txt
train/train/labels/inclusion_109.txt,.txt
train/train/labels/inclusion_11.txt,.txt
train/train/labels/inclusion_110.txt,.txt
train/train/labels/inclusion_111.txt,.txt
train/train/labels/inclusion_112.txt,.txt
train/train/labels/inclusion_113.txt,.txt
train/train/labels/inclusion_114.txt,.txt
train/train/labels/inclusion_115.txt,.txt
train/train/labels/inclusion_116.txt,.txt
train/train/labels/inclusion_117.txt,.txt
train/train/labels/inclusion_118.txt,.txt
train/train/labels/inclusion_119.txt,.txt
train/train/labels/inclusion_12.txt,.txt
train/train/labels/inclusion_120.txt,.txt
train/train/labels/inclusion_121.txt,.txt
train/train/labels/inclusion_122.txt,.txt
train/train/labels/inclusion_123.txt,.txt
train/train/labels/inclusion_124.txt,.txt
train/train/labels/inclusion_125.txt,.txt
train/train/labels/inclusion_126.txt,.txt
train/train/labels/inclusion_127.txt,.txt
train/train/labels/inclusion_128.txt,.txt
train/train/labels/inclusion_129.txt,.txt
train/train/labels/inclusion_13.txt,.txt
train/train/labels/inclusion_130.txt,.txt
train/train/labels/inclusion_131.txt,.txt
train/train/labels/inclusion_132.txt,.txt
train/train/labels/inclusion_133.txt,.txt
train/train/labels/inclusion_134.txt,.txt
train/train/labels/inclusion_135.txt,.txt
train/train/labels/inclusion_136.txt,.txt
train/train/labels/inclusion_137.txt,.txt
train/train/labels/inclusion_138.txt,.txt
train/train/labels/inclusion_139.txt,.txt
train/train/labels/inclusion_14.txt,.txt
train/train/labels/inclusion_140.txt,.txt
train/train/labels/inclusion_141.txt,.txt
train/train/labels/inclusion_142.txt,.txt
train/train/labels/inclusion_143.txt,.txt
train/train/labels/inclusion_144.txt,.txt
train/train/labels/inclusion_145.txt,.txt
train/train/labels/inclusion_146.txt,.txt
train/train/labels/inclusion_147.txt,.txt
train/train/labels/inclusion_148.txt,.txt
train/train/labels/inclusion_149.txt,.txt
train/train/labels/inclusion_15.txt,.txt
train/train/labels/inclusion_150.txt,.txt
train/train/labels/inclusion_151.txt,.txt
train/train/labels/inclusion_152.txt,.txt
train/train/labels/inclusion_153.txt,.txt
train/train/labels/inclusion_154.txt,.txt
train/train/labels/inclusion_155.txt,.txt
train/train/labels/inclusion_156.txt,.txt
train/train/labels/inclusion_157.txt,.txt
train/train/labels/inclusion_158.txt,.txt
train/train/labels/inclusion_159.txt,.txt
train/train/labels/inclusion_16.txt,.txt
train/train/labels/inclusion_160.txt,.txt
train/train/labels/inclusion_161.txt,.txt
train/train/labels/inclusion_162.txt,.txt
train/train/labels/inclusion_163.txt,.txt
train/train/labels/inclusion_164.txt,.txt
train/train/labels/inclusion_165.txt,.txt
train/train/labels/inclusion_166.txt,.txt
train/train/labels/inclusion_167.txt,.txt
train/train/labels/inclusion_168.txt,.txt
train/train/labels/inclusion_169.txt,.txt
train/train/labels/inclusion_17.txt,.txt
train/train/labels/inclusion_170.txt,.txt
train/train/labels/inclusion_171.txt,.txt
train/train/labels/inclusion_172.txt,.txt
train/train/labels/inclusion_173.txt,.txt
train/train/labels/inclusion_174.txt,.txt
train/train/labels/inclusion_175.txt,.txt
train/train/labels/inclusion_176.txt,.txt
train/train/labels/inclusion_177.txt,.txt
train/train/labels/inclusion_178.txt,.txt
train/train/labels/inclusion_179.txt,.txt
train/train/labels/inclusion_18.txt,.txt
train/train/labels/inclusion_180.txt,.txt
train/train/labels/inclusion_181.txt,.txt
train/train/labels/inclusion_182.txt,.txt
train/train/labels/inclusion_183.txt,.txt
train/train/labels/inclusion_184.txt,.txt
train/train/labels/inclusion_185.txt,.txt
train/train/labels/inclusion_186.txt,.txt
train/train/labels/inclusion_187.txt,.txt
train/train/labels/inclusion_188.txt,.txt
train/train/labels/inclusion_189.txt,.txt
train/train/labels/inclusion_19.txt,.txt
train/train/labels/inclusion_190.txt,.txt
train/train/labels/inclusion_191.txt,.txt
train/train/labels/inclusion_192.txt,.txt
train/train/labels/inclusion_193.txt,.txt
train/train/labels/inclusion_194.txt,.txt
train/train/labels/inclusion_195.txt,.txt
train/train/labels/inclusion_196.txt,.txt
train/train/labels/inclusion_197.txt,.txt
train/train/labels/inclusion_198.txt,.txt
train/train/labels/inclusion_199.txt,.txt
train/train/labels/inclusion_20.txt,.txt
train/train/labels/inclusion_200.txt,.txt
train/train/labels/inclusion_201.txt,.txt
train/train/labels/inclusion_202.txt,.txt
train/train/labels/inclusion_203.txt,.txt
train/train/labels/inclusion_204.txt,.txt
train/train/labels/inclusion_205.txt,.txt
train/train/labels/inclusion_206.txt,.txt
train/train/labels/inclusion_207.txt,.txt
train/train/labels/inclusion_208.txt,.txt
train/train/labels/inclusion_209.txt,.txt
train/train/labels/inclusion_21.txt,.txt
train/train/labels/inclusion_210.txt,.txt
train/train/labels/inclusion_211.txt,.txt
train/train/labels/inclusion_212.txt,.txt
train/train/labels/inclusion_213.txt,.txt
train/train/labels/inclusion_214.txt,.txt
train/train/labels/inclusion_215.txt,.txt
train/train/labels/inclusion_216.txt,.txt
train/train/labels/inclusion_217.txt,.txt
train/train/labels/inclusion_218.txt,.txt
train/train/labels/inclusion_219.txt,.txt
train/train/labels/inclusion_22.txt,.txt
train/train/labels/inclusion_220.txt,.txt
train/train/labels/inclusion_221.txt,.txt
train/train/labels/inclusion_222.txt,.txt
train/train/labels/inclusion_223.txt,.txt
train/train/labels/inclusion_224.txt,.txt
train/train/labels/inclusion_225.txt,.txt
train/train/labels/inclusion_226.txt,.txt
train/train/labels/inclusion_227.txt,.txt
train/train/labels/inclusion_228.txt,.txt
train/train/labels/inclusion_229.txt,.txt
train/train/labels/inclusion_23.txt,.txt
train/train/labels/inclusion_230.txt,.txt
train/train/labels/inclusion_231.txt,.txt
train/train/labels/inclusion_232.txt,.txt
train/train/labels/inclusion_233.txt,.txt
train/train/labels/inclusion_234.txt,.txt
train/train/labels/inclusion_235.txt,.txt
train/train/labels/inclusion_236.txt,.txt
train/train/labels/inclusion_237.txt,.txt
train/train/labels/inclusion_238.txt,.txt
train/train/labels/inclusion_239.txt,.txt
train/train/labels/inclusion_24.txt,.txt
train/train/labels/inclusion_240.txt,.txt
train/train/labels/inclusion_241.txt,.txt
train/train/labels/inclusion_242.txt,.txt
train/train/labels/inclusion_243.txt,.txt
train/train/labels/inclusion_244.txt,.txt
train/train/labels/inclusion_245.txt,.txt
train/train/labels/inclusion_246.txt,.txt
train/train/labels/inclusion_247.txt,.txt
train/train/labels/inclusion_248.txt,.txt
train/train/labels/inclusion_249.txt,.txt
train/train/labels/inclusion_25.txt,.txt
train/train/labels/inclusion_250.txt,.txt
train/train/labels/inclusion_251.txt,.txt
train/train/labels/inclusion_252.txt,.txt
train/train/labels/inclusion_253.txt,.txt
train/train/labels/inclusion_254.txt,.txt
train/train/labels/inclusion_255.txt,.txt
train/train/labels/inclusion_256.txt,.txt
train/train/labels/inclusion_257.txt,.txt
train/train/labels/inclusion_258.txt,.txt
train/train/labels/inclusion_259.txt,.txt
train/train/labels/inclusion_26.txt,.txt
train/train/labels/inclusion_260.txt,.txt
train/train/labels/inclusion_261.txt,.txt
train/train/labels/inclusion_262.txt,.txt
train/train/labels/inclusion_263.txt,.txt
train/train/labels/inclusion_264.txt,.txt
train/train/labels/inclusion_265.txt,.txt
train/train/labels/inclusion_266.txt,.txt
train/train/labels/inclusion_267.txt,.txt
train/train/labels/inclusion_268.txt,.txt
train/train/labels/inclusion_269.txt,.txt
train/train/labels/inclusion_27.txt,.txt
train/train/labels/inclusion_270.txt,.txt
train/train/labels/inclusion_271.txt,.txt
train/train/labels/inclusion_272.txt,.txt
train/train/labels/inclusion_273.txt,.txt
train/train/labels/inclusion_274.txt,.txt
train/train/labels/inclusion_275.txt,.txt
train/train/labels/inclusion_276.txt,.txt
train/train/labels/inclusion_277.txt,.txt
train/train/labels/inclusion_278.txt,.txt
train/train/labels/inclusion_279.txt,.txt
train/train/labels/inclusion_28.txt,.txt
train/train/labels/inclusion_280.txt,.txt
train/train/labels/inclusion_281.txt,.txt
train/train/labels/inclusion_282.txt,.txt
train/train/labels/inclusion_283.txt,.txt
train/train/labels/inclusion_284.txt,.txt
train/train/labels/inclusion_285.txt,.txt
train/train/labels/inclusion_286.txt,.txt
train/train/labels/inclusion_287.txt,.txt
train/train/labels/inclusion_288.txt,.txt
train/train/labels/inclusion_289.txt,.txt
train/train/labels/inclusion_29.txt,.txt
train/train/labels/inclusion_290.txt,.txt
train/train/labels/inclusion_291.txt,.txt
train/train/labels/inclusion_292.txt,.txt
train/train/labels/inclusion_293.txt,.txt
train/train/labels/inclusion_294.txt,.txt
train/train/labels/inclusion_295.txt,.txt
train/train/labels/inclusion_296.txt,.txt
train/train/labels/inclusion_297.txt,.txt
train/train/labels/inclusion_298.txt,.txt
train/train/labels/inclusion_299.txt,.txt
train/train/labels/inclusion_30.txt,.txt
train/train/labels/inclusion_300.txt,.txt
train/train/labels/inclusion_31.txt,.txt
train/train/labels/inclusion_32.txt,.txt
train/train/labels/inclusion_33.txt,.txt
train/train/labels/inclusion_34.txt,.txt
train/train/labels/inclusion_35.txt,.txt
train/train/labels/inclusion_36.txt,.txt
train/train/labels/inclusion_37.txt,.txt
train/train/labels/inclusion_38.txt,.txt
train/train/labels/inclusion_39.txt,.txt
train/train/labels/inclusion_40.txt,.txt
train/train/labels/inclusion_41.txt,.txt
train/train/labels/inclusion_42.txt,.txt
train/train/labels/inclusion_43.txt,.txt
train/train/labels/inclusion_44.txt,.txt
train/train/labels/inclusion_45.txt,.txt
train/train/labels/inclusion_46.txt,.txt
train/train/labels/inclusion_47.txt,.txt
train/train/labels/inclusion_48.txt,.txt
train/train/labels/inclusion_49.txt,.txt
train/train/labels/inclusion_50.txt,.txt
train/train/labels/inclusion_51.txt,.txt
train/train/labels/inclusion_52.txt,.txt
train/train/labels/inclusion_53.txt,.txt
train/train/labels/inclusion_54.txt,.txt
train/train/labels/inclusion_55.txt,.txt
train/train/labels/inclusion_56.txt,.txt
train/train/labels/inclusion_57.txt,.txt
train/train/labels/inclusion_58.txt,.txt
train/train/labels/inclusion_59.txt,.txt
train/train/labels/inclusion_6.txt,.txt
train/train/labels/inclusion_60.txt,.txt
train/train/labels/inclusion_61.txt,.txt
train/train/labels/inclusion_62.txt,.txt
train/train/labels/inclusion_63.txt,.txt
train/train/labels/inclusion_64.txt,.txt
train/train/labels/inclusion_65.txt,.txt
train/train/labels/inclusion_66.txt,.txt
train/train/labels/inclusion_67.txt,.txt
train/train/labels/inclusion_68.txt,.txt
train/train/labels/inclusion_69.txt,.txt
train/train/labels/inclusion_7.txt,.txt
train/train/labels/inclusion_70.txt,.txt
train/train/labels/inclusion_71.txt,.txt
train/train/labels/inclusion_72.txt,.txt
train/train/labels/inclusion_73.txt,.txt
train/train/labels/inclusion_74.txt,.txt
train/train/labels/inclusion_75.txt,.txt
train/train/labels/inclusion_76.txt,.txt
train/train/labels/inclusion_77.txt,.txt
train/train/labels/inclusion_78.txt,.txt
train/train/labels/inclusion_79.txt,.txt
train/train/labels/inclusion_8.txt,.txt
train/train/labels/inclusion_80.txt,.txt
train/train/labels/inclusion_81.txt,.txt
train/train/labels/inclusion_82.txt,.txt
train/train/labels/inclusion_83.txt,.txt
train/train/labels/inclusion_84.txt,.txt
train/train/labels/inclusion_85.txt,.txt
train/train/labels/inclusion_86.txt,.txt
train/train/labels/inclusion_87.txt,.txt
train/train/labels/inclusion_88.txt,.txt
train/train/labels/inclusion_89.txt,.txt
train/train/labels/inclusion_9.txt,.txt
train/train/labels/inclusion_90.txt,.txt
train/train/labels/inclusion_91.txt,.txt
train/train/labels/inclusion_92.txt,.txt
train/train/labels/inclusion_93.txt,.txt
train/train/labels/inclusion_94.txt,.txt
train/train/labels/inclusion_95.txt,.txt
train/train/labels/inclusion_96.txt,.txt
train/train/labels/inclusion_97.txt,.txt
train/train/labels/inclusion_98.txt,.txt
train/train/labels/inclusion_99.txt,.txt
train/train/labels/patches_10.txt,.txt
train/train/labels/patches_100.txt,.txt
train/train/labels/patches_101.txt,.txt
train/train/labels/patches_102.txt,.txt
train/train/labels/patches_103.txt,.txt
train/train/labels/patches_104.txt,.txt
train/train/labels/patches_105.txt,.txt
train/train/labels/patches_106.txt,.txt
train/train/labels/patches_107.txt,.txt
train/train/labels/patches_108.txt,.txt
train/train/labels/patches_109.txt,.txt
train/train/labels/patches_11.txt,.txt
train/train/labels/patches_110.txt,.txt
train/train/labels/patches_111.txt,.txt
train/train/labels/patches_112.txt,.txt
train/train/labels/patches_113.txt,.txt
train/train/labels/patches_114.txt,.txt
train/train/labels/patches_115.txt,.txt
train/train/labels/patches_116.txt,.txt
train/train/labels/patches_117.txt,.txt
train/train/labels/patches_118.txt,.txt
train/train/labels/patches_119.txt,.txt
train/train/labels/patches_12.txt,.txt
train/train/labels/patches_120.txt,.txt
train/train/labels/patches_121.txt,.txt
train/train/labels/patches_122.txt,.txt
train/train/labels/patches_123.txt,.txt
train/train/labels/patches_124.txt,.txt
train/train/labels/patches_125.txt,.txt
train/train/labels/patches_126.txt,.txt
train/train/labels/patches_127.txt,.txt
train/train/labels/patches_128.txt,.txt
train/train/labels/patches_129.txt,.txt
train/train/labels/patches_13.txt,.txt
train/train/labels/patches_130.txt,.txt
train/train/labels/patches_131.txt,.txt
train/train/labels/patches_132.txt,.txt
train/train/labels/patches_133.txt,.txt
train/train/labels/patches_134.txt,.txt
train/train/labels/patches_135.txt,.txt
train/train/labels/patches_136.txt,.txt
train/train/labels/patches_137.txt,.txt
train/train/labels/patches_138.txt,.txt
train/train/labels/patches_139.txt,.txt
train/train/labels/patches_14.txt,.txt
train/train/labels/patches_140.txt,.txt
train/train/labels/patches_141.txt,.txt
train/train/labels/patches_142.txt,.txt
train/train/labels/patches_143.txt,.txt
train/train/labels/patches_144.txt,.txt
train/train/labels/patches_145.txt,.txt
train/train/labels/patches_146.txt,.txt
train/train/labels/patches_147.txt,.txt
train/train/labels/patches_148.txt,.txt
train/train/labels/patches_149.txt,.txt
train/train/labels/patches_15.txt,.txt
train/train/labels/patches_150.txt,.txt
train/train/labels/patches_151.txt,.txt
train/train/labels/patches_152.txt,.txt
train/train/labels/patches_153.txt,.txt
train/train/labels/patches_154.txt,.txt
train/train/labels/patches_155.txt,.txt
train/train/labels/patches_156.txt,.txt
train/train/labels/patches_157.txt,.txt
train/train/labels/patches_158.txt,.txt
train/train/labels/patches_159.txt,.txt
train/train/labels/patches_16.txt,.txt
train/train/labels/patches_160.txt,.txt
train/train/labels/patches_161.txt,.txt
train/train/labels/patches_162.txt,.txt
train/train/labels/patches_163.txt,.txt
train/train/labels/patches_164.txt,.txt
train/train/labels/patches_165.txt,.txt
train/train/labels/patches_166.txt,.txt
train/train/labels/patches_167.txt,.txt
train/train/labels/patches_168.txt,.txt
train/train/labels/patches_169.txt,.txt
train/train/labels/patches_17.txt,.txt
train/train/labels/patches_170.txt,.txt
train/train/labels/patches_171.txt,.txt
train/train/labels/patches_172.txt,.txt
train/train/labels/patches_173.txt,.txt
train/train/labels/patches_174.txt,.txt
train/train/labels/patches_175.txt,.txt
train/train/labels/patches_176.txt,.txt
train/train/labels/patches_177.txt,.txt
train/train/labels/patches_178.txt,.txt
train/train/labels/patches_179.txt,.txt
train/train/labels/patches_18.txt,.txt
train/train/labels/patches_180.txt,.txt
train/train/labels/patches_181.txt,.txt
train/train/labels/patches_182.txt,.txt
train/train/labels/patches_183.txt,.txt
train/train/labels/patches_184.txt,.txt
train/train/labels/patches_185.txt,.txt
train/train/labels/patches_186.txt,.txt
train/train/labels/patches_187.txt,.txt
train/train/labels/patches_188.txt,.txt
train/train/labels/patches_189.txt,.txt
train/train/labels/patches_19.txt,.txt
train/train/labels/patches_190.txt,.txt
train/train/labels/patches_191.txt,.txt
train/train/labels/patches_192.txt,.txt
train/train/labels/patches_193.txt,.txt
train/train/labels/patches_194.txt,.txt
train/train/labels/patches_195.txt,.txt
train/train/labels/patches_196.txt,.txt
train/train/labels/patches_197.txt,.txt
train/train/labels/patches_198.txt,.txt
train/train/labels/patches_199.txt,.txt
train/train/labels/patches_20.txt,.txt
train/train/labels/patches_200.txt,.txt
train/train/labels/patches_201.txt,.txt
train/train/labels/patches_202.txt,.txt
train/train/labels/patches_203.txt,.txt
train/train/labels/patches_204.txt,.txt
train/train/labels/patches_205.txt,.txt
train/train/labels/patches_206.txt,.txt
train/train/labels/patches_207.txt,.txt
train/train/labels/patches_208.txt,.txt
train/train/labels/patches_209.txt,.txt
train/train/labels/patches_21.txt,.txt
train/train/labels/patches_210.txt,.txt
train/train/labels/patches_211.txt,.txt
train/train/labels/patches_212.txt,.txt
train/train/labels/patches_213.txt,.txt
train/train/labels/patches_214.txt,.txt
train/train/labels/patches_215.txt,.txt
train/train/labels/patches_216.txt,.txt
train/train/labels/patches_217.txt,.txt
train/train/labels/patches_218.txt,.txt
train/train/labels/patches_219.txt,.txt
train/train/labels/patches_22.txt,.txt
train/train/labels/patches_220.txt,.txt
train/train/labels/patches_221.txt,.txt
train/train/labels/patches_222.txt,.txt
train/train/labels/patches_223.txt,.txt
train/train/labels/patches_224.txt,.txt
train/train/labels/patches_225.txt,.txt
train/train/labels/patches_226.txt,.txt
train/train/labels/patches_227.txt,.txt
train/train/labels/patches_228.txt,.txt
train/train/labels/patches_229.txt,.txt
train/train/labels/patches_23.txt,.txt
train/train/labels/patches_230.txt,.txt
train/train/labels/patches_231.txt,.txt
train/train/labels/patches_232.txt,.txt
train/train/labels/patches_233.txt,.txt
train/train/labels/patches_234.txt,.txt
train/train/labels/patches_235.txt,.txt
train/train/labels/patches_236.txt,.txt
train/train/labels/patches_237.txt,.txt
train/train/labels/patches_238.txt,.txt
train/train/labels/patches_239.txt,.txt
train/train/labels/patches_24.txt,.txt
train/train/labels/patches_240.txt,.txt
train/train/labels/patches_241.txt,.txt
train/train/labels/patches_242.txt,.txt
train/train/labels/patches_243.txt,.txt
train/train/labels/patches_244.txt,.txt
train/train/labels/patches_245.txt,.txt
train/train/labels/patches_246.txt,.txt
train/train/labels/patches_247.txt,.txt
train/train/labels/patches_248.txt,.txt
train/train/labels/patches_249.txt,.txt
train/train/labels/patches_25.txt,.txt
train/train/labels/patches_250.txt,.txt
train/train/labels/patches_251.txt,.txt
train/train/labels/patches_252.txt,.txt
train/train/labels/patches_253.txt,.txt
train/train/labels/patches_254.txt,.txt
train/train/labels/patches_255.txt,.txt
train/train/labels/patches_256.txt,.txt
train/train/labels/patches_257.txt,.txt
train/train/labels/patches_258.txt,.txt
train/train/labels/patches_259.txt,.txt
train/train/labels/patches_26.txt,.txt
train/train/labels/patches_260.txt,.txt
train/train/labels/patches_261.txt,.txt
train/train/labels/patches_262.txt,.txt
train/train/labels/patches_263.txt,.txt
train/train/labels/patches_264.txt,.txt
train/train/labels/patches_265.txt,.txt
train/train/labels/patches_266.txt,.txt
train/train/labels/patches_267.txt,.txt
train/train/labels/patches_268.txt,.txt
train/train/labels/patches_269.txt,.txt
train/train/labels/patches_27.txt,.txt
train/train/labels/patches_270.txt,.txt
train/train/labels/patches_271.txt,.txt
train/train/labels/patches_272.txt,.txt
train/train/labels/patches_273.txt,.txt
train/train/labels/patches_274.txt,.txt
train/train/labels/patches_275.txt,.txt
train/train/labels/patches_276.txt,.txt
train/train/labels/patches_277.txt,.txt
train/train/labels/patches_278.txt,.txt
train/train/labels/patches_279.txt,.txt
train/train/labels/patches_28.txt,.txt
train/train/labels/patches_280.txt,.txt
train/train/labels/patches_281.txt,.txt
train/train/labels/patches_282.txt,.txt
train/train/labels/patches_283.txt,.txt
train/train/labels/patches_284.txt,.txt
train/train/labels/patches_285.txt,.txt
train/train/labels/patches_286.txt,.txt
train/train/labels/patches_287.txt,.txt
train/train/labels/patches_288.txt,.txt
train/train/labels/patches_289.txt,.txt
train/train/labels/patches_29.txt,.txt
train/train/labels/patches_290.txt,.txt
train/train/labels/patches_291.txt,.txt
train/train/labels/patches_292.txt,.txt
train/train/labels/patches_293.txt,.txt
train/train/labels/patches_294.txt,.txt
train/train/labels/patches_295.txt,.txt
train/train/labels/patches_296.txt,.txt
train/train/labels/patches_297.txt,.txt
train/train/labels/patches_298.txt,.txt
train/train/labels/patches_299.txt,.txt
train/train/labels/patches_30.txt,.txt
train/train/labels/patches_300.txt,.txt
train/train/labels/patches_31.txt,.txt
train/train/labels/patches_32.txt,.txt
train/train/labels/patches_33.txt,.txt
train/train/labels/patches_34.txt,.txt
train/train/labels/patches_35.txt,.txt
train/train/labels/patches_36.txt,.txt
train/train/labels/patches_37.txt,.txt
train/train/labels/patches_38.txt,.txt
train/train/labels/patches_39.txt,.txt
train/train/labels/patches_40.txt,.txt
train/train/labels/patches_41.txt,.txt
train/train/labels/patches_42.txt,.txt
train/train/labels/patches_43.txt,.txt
train/train/labels/patches_44.txt,.txt
train/train/labels/patches_45.txt,.txt
train/train/labels/patches_46.txt,.txt
train/train/labels/patches_47.txt,.txt
train/train/labels/patches_48.txt,.txt
train/train/labels/patches_49.txt,.txt
train/train/labels/patches_50.txt,.txt
train/train/labels/patches_51.txt,.txt
train/train/labels/patches_52.txt,.txt
train/train/labels/patches_53.txt,.txt
train/train/labels/patches_54.txt,.txt
train/train/labels/patches_55.txt,.txt
train/train/labels/patches_56.txt,.txt
train/train/labels/patches_57.txt,.txt
train/train/labels/patches_58.txt,.txt
train/train/labels/patches_59.txt,.txt
train/train/labels/patches_6.txt,.txt
train/train/labels/patches_60.txt,.txt
train/train/labels/patches_61.txt,.txt
train/train/labels/patches_62.txt,.txt
train/train/labels/patches_63.txt,.txt
train/train/labels/patches_64.txt,.txt
train/train/labels/patches_65.txt,.txt
train/train/labels/patches_66.txt,.txt
train/train/labels/patches_67.txt,.txt
train/train/labels/patches_68.txt,.txt
train/train/labels/patches_69.txt,.txt
train/train/labels/patches_7.txt,.txt
train/train/labels/patches_70.txt,.txt
train/train/labels/patches_71.txt,.txt
train/train/labels/patches_72.txt,.txt
train/train/labels/patches_73.txt,.txt
train/train/labels/patches_74.txt,.txt
train/train/labels/patches_75.txt,.txt
train/train/labels/patches_76.txt,.txt
train/train/labels/patches_77.txt,.txt
train/train/labels/patches_78.txt,.txt
train/train/labels/patches_79.txt,.txt
train/train/labels/patches_8.txt,.txt
train/train/labels/patches_80.txt,.txt
train/train/labels/patches_81.txt,.txt
train/train/labels/patches_82.txt,.txt
train/train/labels/patches_83.txt,.txt
train/train/labels/patches_84.txt,.txt
train/train/labels/patches_85.txt,.txt
train/train/labels/patches_86.txt,.txt
train/train/labels/patches_87.txt,.txt
train/train/labels/patches_88.txt,.txt
train/train/labels/patches_89.txt,.txt
train/train/labels/patches_9.txt,.txt
train/train/labels/patches_90.txt,.txt
train/train/labels/patches_91.txt,.txt
train/train/labels/patches_92.txt,.txt
train/train/labels/patches_93.txt,.txt
train/train/labels/patches_94.txt,.txt
train/train/labels/patches_95.txt,.txt
train/train/labels/patches_96.txt,.txt
train/train/labels/patches_97.txt,.txt
train/train/labels/patches_98.txt,.txt
train/train/labels/patches_99.txt,.txt
train/train/labels/pitted_surface_10.txt,.txt
train/train/labels/pitted_surface_100.txt,.txt
train/train/labels/pitted_surface_101.txt,.txt
train/train/labels/pitted_surface_102.txt,.txt
train/train/labels/pitted_surface_103.txt,.txt
train/train/labels/pitted_surface_104.txt,.txt
train/train/labels/pitted_surface_105.txt,.txt
train/train/labels/pitted_surface_106.txt,.txt
train/train/labels/pitted_surface_107.txt,.txt
train/train/labels/pitted_surface_108.txt,.txt
train/train/labels/pitted_surface_109.txt,.txt
train/train/labels/pitted_surface_11.txt,.txt
train/train/labels/pitted_surface_110.txt,.txt
train/train/labels/pitted_surface_111.txt,.txt
train/train/labels/pitted_surface_112.txt,.txt
train/train/labels/pitted_surface_113.txt,.txt
train/train/labels/pitted_surface_114.txt,.txt
train/train/labels/pitted_surface_115.txt,.txt
train/train/labels/pitted_surface_116.txt,.txt
train/train/labels/pitted_surface_117.txt,.txt
train/train/labels/pitted_surface_118.txt,.txt
train/train/labels/pitted_surface_119.txt,.txt
train/train/labels/pitted_surface_12.txt,.txt
train/train/labels/pitted_surface_120.txt,.txt
train/train/labels/pitted_surface_121.txt,.txt
train/train/labels/pitted_surface_122.txt,.txt
train/train/labels/pitted_surface_123.txt,.txt
train/train/labels/pitted_surface_124.txt,.txt
train/train/labels/pitted_surface_125.txt,.txt
train/train/labels/pitted_surface_126.txt,.txt
train/train/labels/pitted_surface_127.txt,.txt
train/train/labels/pitted_surface_128.txt,.txt
train/train/labels/pitted_surface_129.txt,.txt
train/train/labels/pitted_surface_13.txt,.txt
train/train/labels/pitted_surface_130.txt,.txt
train/train/labels/pitted_surface_131.txt,.txt
train/train/labels/pitted_surface_132.txt,.txt
train/train/labels/pitted_surface_133.txt,.txt
train/train/labels/pitted_surface_134.txt,.txt
train/train/labels/pitted_surface_135.txt,.txt
train/train/labels/pitted_surface_136.txt,.txt
train/train/labels/pitted_surface_137.txt,.txt
train/train/labels/pitted_surface_138.txt,.txt
train/train/labels/pitted_surface_139.txt,.txt
train/train/labels/pitted_surface_14.txt,.txt
train/train/labels/pitted_surface_140.txt,.txt
train/train/labels/pitted_surface_141.txt,.txt
train/train/labels/pitted_surface_142.txt,.txt
train/train/labels/pitted_surface_143.txt,.txt
train/train/labels/pitted_surface_144.txt,.txt
train/train/labels/pitted_surface_145.txt,.txt
train/train/labels/pitted_surface_146.txt,.txt
train/train/labels/pitted_surface_147.txt,.txt
train/train/labels/pitted_surface_148.txt,.txt
train/train/labels/pitted_surface_149.txt,.txt
train/train/labels/pitted_surface_15.txt,.txt
train/train/labels/pitted_surface_150.txt,.txt
train/train/labels/pitted_surface_151.txt,.txt
train/train/labels/pitted_surface_152.txt,.txt
train/train/labels/pitted_surface_153.txt,.txt
train/train/labels/pitted_surface_154.txt,.txt
train/train/labels/pitted_surface_155.txt,.txt
train/train/labels/pitted_surface_156.txt,.txt
train/train/labels/pitted_surface_157.txt,.txt
train/train/labels/pitted_surface_158.txt,.txt
train/train/labels/pitted_surface_159.txt,.txt
train/train/labels/pitted_surface_16.txt,.txt
train/train/labels/pitted_surface_160.txt,.txt
train/train/labels/pitted_surface_161.txt,.txt
train/train/labels/pitted_surface_162.txt,.txt
train/train/labels/pitted_surface_163.txt,.txt
train/train/labels/pitted_surface_164.txt,.txt
train/train/labels/pitted_surface_165.txt,.txt
train/train/labels/pitted_surface_166.txt,.txt
train/train/labels/pitted_surface_167.txt,.txt
train/train/labels/pitted_surface_168.txt,.txt
train/train/labels/pitted_surface_169.txt,.txt
train/train/labels/pitted_surface_17.txt,.txt
train/train/labels/pitted_surface_170.txt,.txt
train/train/labels/pitted_surface_171.txt,.txt
train/train/labels/pitted_surface_172.txt,.txt
train/train/labels/pitted_surface_173.txt,.txt
train/train/labels/pitted_surface_174.txt,.txt
train/train/labels/pitted_surface_175.txt,.txt
train/train/labels/pitted_surface_176.txt,.txt
train/train/labels/pitted_surface_177.txt,.txt
train/train/labels/pitted_surface_178.txt,.txt
train/train/labels/pitted_surface_179.txt,.txt
train/train/labels/pitted_surface_18.txt,.txt
train/train/labels/pitted_surface_180.txt,.txt
train/train/labels/pitted_surface_181.txt,.txt
train/train/labels/pitted_surface_182.txt,.txt
train/train/labels/pitted_surface_183.txt,.txt
train/train/labels/pitted_surface_184.txt,.txt
train/train/labels/pitted_surface_185.txt,.txt
train/train/labels/pitted_surface_186.txt,.txt
train/train/labels/pitted_surface_187.txt,.txt
train/train/labels/pitted_surface_188.txt,.txt
train/train/labels/pitted_surface_189.txt,.txt
train/train/labels/pitted_surface_19.txt,.txt
train/train/labels/pitted_surface_190.txt,.txt
train/train/labels/pitted_surface_191.txt,.txt
train/train/labels/pitted_surface_192.txt,.txt
train/train/labels/pitted_surface_193.txt,.txt
train/train/labels/pitted_surface_194.txt,.txt
train/train/labels/pitted_surface_195.txt,.txt
train/train/labels/pitted_surface_196.txt,.txt
train/train/labels/pitted_surface_197.txt,.txt
train/train/labels/pitted_surface_198.txt,.txt
train/train/labels/pitted_surface_199.txt,.txt
train/train/labels/pitted_surface_20.txt,.txt
train/train/labels/pitted_surface_200.txt,.txt
train/train/labels/pitted_surface_201.txt,.txt
train/train/labels/pitted_surface_202.txt,.txt
train/train/labels/pitted_surface_203.txt,.txt
train/train/labels/pitted_surface_204.txt,.txt
train/train/labels/pitted_surface_205.txt,.txt
train/train/labels/pitted_surface_206.txt,.txt
train/train/labels/pitted_surface_207.txt,.txt
train/train/labels/pitted_surface_208.txt,.txt
train/train/labels/pitted_surface_209.txt,.txt
train/train/labels/pitted_surface_21.txt,.txt
train/train/labels/pitted_surface_210.txt,.txt
train/train/labels/pitted_surface_211.txt,.txt
train/train/labels/pitted_surface_212.txt,.txt
train/train/labels/pitted_surface_213.txt,.txt
train/train/labels/pitted_surface_214.txt,.txt
train/train/labels/pitted_surface_215.txt,.txt
train/train/labels/pitted_surface_216.txt,.txt
train/train/labels/pitted_surface_217.txt,.txt
train/train/labels/pitted_surface_218.txt,.txt
train/train/labels/pitted_surface_219.txt,.txt
train/train/labels/pitted_surface_22.txt,.txt
train/train/labels/pitted_surface_220.txt,.txt
train/train/labels/pitted_surface_221.txt,.txt
train/train/labels/pitted_surface_222.txt,.txt
train/train/labels/pitted_surface_223.txt,.txt
train/train/labels/pitted_surface_224.txt,.txt
train/train/labels/pitted_surface_225.txt,.txt
train/train/labels/pitted_surface_226.txt,.txt
train/train/labels/pitted_surface_227.txt,.txt
train/train/labels/pitted_surface_228.txt,.txt
train/train/labels/pitted_surface_229.txt,.txt
train/train/labels/pitted_surface_23.txt,.txt
train/train/labels/pitted_surface_230.txt,.txt
train/train/labels/pitted_surface_231.txt,.txt
train/train/labels/pitted_surface_232.txt,.txt
train/train/labels/pitted_surface_233.txt,.txt
train/train/labels/pitted_surface_234.txt,.txt
train/train/labels/pitted_surface_235.txt,.txt
train/train/labels/pitted_surface_236.txt,.txt
train/train/labels/pitted_surface_237.txt,.txt
train/train/labels/pitted_surface_238.txt,.txt
train/train/labels/pitted_surface_239.txt,.txt
train/train/labels/pitted_surface_24.txt,.txt
train/train/labels/pitted_surface_240.txt,.txt
train/train/labels/pitted_surface_241.txt,.txt
train/train/labels/pitted_surface_242.txt,.txt
train/train/labels/pitted_surface_243.txt,.txt
train/train/labels/pitted_surface_244.txt,.txt
train/train/labels/pitted_surface_245.txt,.txt
train/train/labels/pitted_surface_246.txt,.txt
train/train/labels/pitted_surface_247.txt,.txt
train/train/labels/pitted_surface_248.txt,.txt
train/train/labels/pitted_surface_249.txt,.txt
train/train/labels/pitted_surface_25.txt,.txt
train/train/labels/pitted_surface_250.txt,.txt
train/train/labels/pitted_surface_251.txt,.txt
train/train/labels/pitted_surface_252.txt,.txt
train/train/labels/pitted_surface_253.txt,.txt
train/train/labels/pitted_surface_254.txt,.txt
train/train/labels/pitted_surface_255.txt,.txt
train/train/labels/pitted_surface_256.txt,.txt
train/train/labels/pitted_surface_257.txt,.txt
train/train/labels/pitted_surface_258.txt,.txt
train/train/labels/pitted_surface_259.txt,.txt
train/train/labels/pitted_surface_26.txt,.txt
train/train/labels/pitted_surface_260.txt,.txt
train/train/labels/pitted_surface_261.txt,.txt
train/train/labels/pitted_surface_262.txt,.txt
train/train/labels/pitted_surface_263.txt,.txt
train/train/labels/pitted_surface_264.txt,.txt
train/train/labels/pitted_surface_265.txt,.txt
train/train/labels/pitted_surface_266.txt,.txt
train/train/labels/pitted_surface_267.txt,.txt
train/train/labels/pitted_surface_268.txt,.txt
train/train/labels/pitted_surface_269.txt,.txt
train/train/labels/pitted_surface_27.txt,.txt
train/train/labels/pitted_surface_270.txt,.txt
train/train/labels/pitted_surface_271.txt,.txt
train/train/labels/pitted_surface_272.txt,.txt
train/train/labels/pitted_surface_273.txt,.txt
train/train/labels/pitted_surface_274.txt,.txt
train/train/labels/pitted_surface_275.txt,.txt
train/train/labels/pitted_surface_276.txt,.txt
train/train/labels/pitted_surface_277.txt,.txt
train/train/labels/pitted_surface_278.txt,.txt
train/train/labels/pitted_surface_279.txt,.txt
train/train/labels/pitted_surface_28.txt,.txt
train/train/labels/pitted_surface_280.txt,.txt
train/train/labels/pitted_surface_281.txt,.txt
train/train/labels/pitted_surface_282.txt,.txt
train/train/labels/pitted_surface_283.txt,.txt
train/train/labels/pitted_surface_284.txt,.txt
train/train/labels/pitted_surface_285.txt,.txt
train/train/labels/pitted_surface_286.txt,.txt
train/train/labels/pitted_surface_287.txt,.txt
train/train/labels/pitted_surface_288.txt,.txt
train/train/labels/pitted_surface_289.txt,.txt
train/train/labels/pitted_surface_29.txt,.txt
train/train/labels/pitted_surface_290.txt,.txt
train/train/labels/pitted_surface_291.txt,.txt
train/train/labels/pitted_surface_292.txt,.txt
train/train/labels/pitted_surface_293.txt,.txt
train/train/labels/pitted_surface_294.txt,.txt
train/train/labels/pitted_surface_295.txt,.txt
train/train/labels/pitted_surface_296.txt,.txt
train/train/labels/pitted_surface_297.txt,.txt
train/train/labels/pitted_surface_298.txt,.txt
train/train/labels/pitted_surface_299.txt,.txt
train/train/labels/pitted_surface_30.txt,.txt
train/train/labels/pitted_surface_300.txt,.txt
train/train/labels/pitted_surface_31.txt,.txt
train/train/labels/pitted_surface_32.txt,.txt
train/train/labels/pitted_surface_33.txt,.txt
train/train/labels/pitted_surface_34.txt,.txt
train/train/labels/pitted_surface_35.txt,.txt
train/train/labels/pitted_surface_36.txt,.txt
train/train/labels/pitted_surface_37.txt,.txt
train/train/labels/pitted_surface_38.txt,.txt
train/train/labels/pitted_surface_39.txt,.txt
train/train/labels/pitted_surface_40.txt,.txt
train/train/labels/pitted_surface_41.txt,.txt
train/train/labels/pitted_surface_42.txt,.txt
train/train/labels/pitted_surface_43.txt,.txt
train/train/labels/pitted_surface_44.txt,.txt
train/train/labels/pitted_surface_45.txt,.txt
train/train/labels/pitted_surface_46.txt,.txt
train/train/labels/pitted_surface_47.txt,.txt
train/train/labels/pitted_surface_48.txt,.txt
train/train/labels/pitted_surface_49.txt,.txt
train/train/labels/pitted_surface_50.txt,.txt
train/train/labels/pitted_surface_51.txt,.txt
train/train/labels/pitted_surface_52.txt,.txt
train/train/labels/pitted_surface_53.txt,.txt
train/train/labels/pitted_surface_54.txt,.txt
train/train/labels/pitted_surface_55.txt,.txt
train/train/labels/pitted_surface_56.txt,.txt
train/train/labels/pitted_surface_57.txt,.txt
train/train/labels/pitted_surface_58.txt,.txt
train/train/labels/pitted_surface_59.txt,.txt
train/train/labels/pitted_surface_6.txt,.txt
train/train/labels/pitted_surface_60.txt,.txt
train/train/labels/pitted_surface_61.txt,.txt
train/train/labels/pitted_surface_62.txt,.txt
train/train/labels/pitted_surface_63.txt,.txt
train/train/labels/pitted_surface_64.txt,.txt
train/train/labels/pitted_surface_65.txt,.txt
train/train/labels/pitted_surface_66.txt,.txt
train/train/labels/pitted_surface_67.txt,.txt
train/train/labels/pitted_surface_68.txt,.txt
train/train/labels/pitted_surface_69.txt,.txt
train/train/labels/pitted_surface_7.txt,.txt
train/train/labels/pitted_surface_70.txt,.txt
train/train/labels/pitted_surface_71.txt,.txt
train/train/labels/pitted_surface_72.txt,.txt
train/train/labels/pitted_surface_73.txt,.txt
train/train/labels/pitted_surface_74.txt,.txt
train/train/labels/pitted_surface_75.txt,.txt
train/train/labels/pitted_surface_76.txt,.txt
train/train/labels/pitted_surface_77.txt,.txt
train/train/labels/pitted_surface_78.txt,.txt
train/train/labels/pitted_surface_79.txt,.txt
train/train/labels/pitted_surface_8.txt,.txt
train/train/labels/pitted_surface_80.txt,.txt
train/train/labels/pitted_surface_81.txt,.txt
train/train/labels/pitted_surface_82.txt,.txt
train/train/labels/pitted_surface_83.txt,.txt
train/train/labels/pitted_surface_84.txt,.txt
train/train/labels/pitted_surface_85.txt,.txt
train/train/labels/pitted_surface_86.txt,.txt
train/train/labels/pitted_surface_87.txt,.txt
train/train/labels/pitted_surface_88.txt,.txt
train/train/labels/pitted_surface_89.txt,.txt
train/train/labels/pitted_surface_9.txt,.txt
train/train/labels/pitted_surface_90.txt,.txt
train/train/labels/pitted_surface_91.txt,.txt
train/train/labels/pitted_surface_92.txt,.txt
train/train/labels/pitted_surface_93.txt,.txt
train/train/labels/pitted_surface_94.txt,.txt
train/train/labels/pitted_surface_95.txt,.txt
train/train/labels/pitted_surface_96.txt,.txt
train/train/labels/pitted_surface_97.txt,.txt
train/train/labels/pitted_surface_98.txt,.txt
train/train/labels/pitted_surface_99.txt,.txt
train/train/labels/rolled-in_scale_10.txt,.txt
train/train/labels/rolled-in_scale_100.txt,.txt
train/train/labels/rolled-in_scale_101.txt,.txt
train/train/labels/rolled-in_scale_102.txt,.txt
train/train/labels/rolled-in_scale_103.txt,.txt
train/train/labels/rolled-in_scale_104.txt,.txt
train/train/labels/rolled-in_scale_105.txt,.txt
train/train/labels/rolled-in_scale_106.txt,.txt
train/train/labels/rolled-in_scale_107.txt,.txt
train/train/labels/rolled-in_scale_108.txt,.txt
train/train/labels/rolled-in_scale_109.txt,.txt
train/train/labels/rolled-in_scale_11.txt,.txt
train/train/labels/rolled-in_scale_110.txt,.txt
train/train/labels/rolled-in_scale_111.txt,.txt
train/train/labels/rolled-in_scale_112.txt,.txt
train/train/labels/rolled-in_scale_113.txt,.txt
train/train/labels/rolled-in_scale_114.txt,.txt
train/train/labels/rolled-in_scale_115.txt,.txt
train/train/labels/rolled-in_scale_116.txt,.txt
train/train/labels/rolled-in_scale_117.txt,.txt
train/train/labels/rolled-in_scale_118.txt,.txt
train/train/labels/rolled-in_scale_119.txt,.txt
train/train/labels/rolled-in_scale_12.txt,.txt
train/train/labels/rolled-in_scale_120.txt,.txt
train/train/labels/rolled-in_scale_121.txt,.txt
train/train/labels/rolled-in_scale_122.txt,.txt
train/train/labels/rolled-in_scale_123.txt,.txt
train/train/labels/rolled-in_scale_124.txt,.txt
train/train/labels/rolled-in_scale_125.txt,.txt
train/train/labels/rolled-in_scale_126.txt,.txt
train/train/labels/rolled-in_scale_127.txt,.txt
train/train/labels/rolled-in_scale_128.txt,.txt
train/train/labels/rolled-in_scale_129.txt,.txt
train/train/labels/rolled-in_scale_13.txt,.txt
train/train/labels/rolled-in_scale_130.txt,.txt
train/train/labels/rolled-in_scale_131.txt,.txt
train/train/labels/rolled-in_scale_132.txt,.txt
train/train/labels/rolled-in_scale_133.txt,.txt
train/train/labels/rolled-in_scale_134.txt,.txt
train/train/labels/rolled-in_scale_135.txt,.txt
train/train/labels/rolled-in_scale_136.txt,.txt
train/train/labels/rolled-in_scale_137.txt,.txt
train/train/labels/rolled-in_scale_138.txt,.txt
train/train/labels/rolled-in_scale_139.txt,.txt
train/train/labels/rolled-in_scale_14.txt,.txt
train/train/labels/rolled-in_scale_140.txt,.txt
train/train/labels/rolled-in_scale_141.txt,.txt
train/train/labels/rolled-in_scale_142.txt,.txt
train/train/labels/rolled-in_scale_143.txt,.txt
train/train/labels/rolled-in_scale_144.txt,.txt
train/train/labels/rolled-in_scale_145.txt,.txt
train/train/labels/rolled-in_scale_146.txt,.txt
train/train/labels/rolled-in_scale_147.txt,.txt
train/train/labels/rolled-in_scale_148.txt,.txt
train/train/labels/rolled-in_scale_149.txt,.txt
train/train/labels/rolled-in_scale_15.txt,.txt
train/train/labels/rolled-in_scale_150.txt,.txt
train/train/labels/rolled-in_scale_151.txt,.txt
train/train/labels/rolled-in_scale_152.txt,.txt
train/train/labels/rolled-in_scale_153.txt,.txt
train/train/labels/rolled-in_scale_154.txt,.txt
train/train/labels/rolled-in_scale_155.txt,.txt
train/train/labels/rolled-in_scale_156.txt,.txt
train/train/labels/rolled-in_scale_157.txt,.txt
train/train/labels/rolled-in_scale_158.txt,.txt
train/train/labels/rolled-in_scale_159.txt,.txt
train/train/labels/rolled-in_scale_16.txt,.txt
train/train/labels/rolled-in_scale_160.txt,.txt
train/train/labels/rolled-in_scale_161.txt,.txt
train/train/labels/rolled-in_scale_162.txt,.txt
train/train/labels/rolled-in_scale_163.txt,.txt
train/train/labels/rolled-in_scale_164.txt,.txt
train/train/labels/rolled-in_scale_165.txt,.txt
train/train/labels/rolled-in_scale_166.txt,.txt
train/train/labels/rolled-in_scale_167.txt,.txt
train/train/labels/rolled-in_scale_168.txt,.txt
train/train/labels/rolled-in_scale_169.txt,.txt
train/train/labels/rolled-in_scale_17.txt,.txt
train/train/labels/rolled-in_scale_170.txt,.txt
train/train/labels/rolled-in_scale_171.txt,.txt
train/train/labels/rolled-in_scale_172.txt,.txt
train/train/labels/rolled-in_scale_173.txt,.txt
train/train/labels/rolled-in_scale_174.txt,.txt
train/train/labels/rolled-in_scale_175.txt,.txt
train/train/labels/rolled-in_scale_176.txt,.txt
train/train/labels/rolled-in_scale_177.txt,.txt
train/train/labels/rolled-in_scale_178.txt,.txt
train/train/labels/rolled-in_scale_179.txt,.txt
train/train/labels/rolled-in_scale_18.txt,.txt
train/train/labels/rolled-in_scale_180.txt,.txt
train/train/labels/rolled-in_scale_181.txt,.txt
train/train/labels/rolled-in_scale_182.txt,.txt
train/train/labels/rolled-in_scale_183.txt,.txt
train/train/labels/rolled-in_scale_184.txt,.txt
train/train/labels/rolled-in_scale_185.txt,.txt
train/train/labels/rolled-in_scale_186.txt,.txt
train/train/labels/rolled-in_scale_187.txt,.txt
train/train/labels/rolled-in_scale_188.txt,.txt
train/train/labels/rolled-in_scale_189.txt,.txt
train/train/labels/rolled-in_scale_19.txt,.txt
train/train/labels/rolled-in_scale_190.txt,.txt
train/train/labels/rolled-in_scale_191.txt,.txt
train/train/labels/rolled-in_scale_192.txt,.txt
train/train/labels/rolled-in_scale_193.txt,.txt
train/train/labels/rolled-in_scale_194.txt,.txt
train/train/labels/rolled-in_scale_195.txt,.txt
train/train/labels/rolled-in_scale_196.txt,.txt
train/train/labels/rolled-in_scale_197.txt,.txt
train/train/labels/rolled-in_scale_198.txt,.txt
train/train/labels/rolled-in_scale_199.txt,.txt
train/train/labels/rolled-in_scale_20.txt,.txt
train/train/labels/rolled-in_scale_200.txt,.txt
train/train/labels/rolled-in_scale_201.txt,.txt
train/train/labels/rolled-in_scale_202.txt,.txt
train/train/labels/rolled-in_scale_203.txt,.txt
train/train/labels/rolled-in_scale_204.txt,.txt
train/train/labels/rolled-in_scale_205.txt,.txt
train/train/labels/rolled-in_scale_206.txt,.txt
train/train/labels/rolled-in_scale_207.txt,.txt
train/train/labels/rolled-in_scale_208.txt,.txt
train/train/labels/rolled-in_scale_209.txt,.txt
train/train/labels/rolled-in_scale_21.txt,.txt
train/train/labels/rolled-in_scale_210.txt,.txt
train/train/labels/rolled-in_scale_211.txt,.txt
train/train/labels/rolled-in_scale_212.txt,.txt
train/train/labels/rolled-in_scale_213.txt,.txt
train/train/labels/rolled-in_scale_214.txt,.txt
train/train/labels/rolled-in_scale_215.txt,.txt
train/train/labels/rolled-in_scale_216.txt,.txt
train/train/labels/rolled-in_scale_217.txt,.txt
train/train/labels/rolled-in_scale_218.txt,.txt
train/train/labels/rolled-in_scale_219.txt,.txt
train/train/labels/rolled-in_scale_22.txt,.txt
train/train/labels/rolled-in_scale_220.txt,.txt
train/train/labels/rolled-in_scale_221.txt,.txt
train/train/labels/rolled-in_scale_222.txt,.txt
train/train/labels/rolled-in_scale_223.txt,.txt
train/train/labels/rolled-in_scale_224.txt,.txt
train/train/labels/rolled-in_scale_225.txt,.txt
train/train/labels/rolled-in_scale_226.txt,.txt
train/train/labels/rolled-in_scale_227.txt,.txt
train/train/labels/rolled-in_scale_228.txt,.txt
train/train/labels/rolled-in_scale_229.txt,.txt
train/train/labels/rolled-in_scale_23.txt,.txt
train/train/labels/rolled-in_scale_230.txt,.txt
train/train/labels/rolled-in_scale_231.txt,.txt
train/train/labels/rolled-in_scale_232.txt,.txt
train/train/labels/rolled-in_scale_233.txt,.txt
train/train/labels/rolled-in_scale_234.txt,.txt
train/train/labels/rolled-in_scale_235.txt,.txt
train/train/labels/rolled-in_scale_236.txt,.txt
train/train/labels/rolled-in_scale_237.txt,.txt
train/train/labels/rolled-in_scale_238.txt,.txt
train/train/labels/rolled-in_scale_239.txt,.txt
train/train/labels/rolled-in_scale_24.txt,.txt
train/train/labels/rolled-in_scale_240.txt,.txt
train/train/labels/rolled-in_scale_241.txt,.txt
train/train/labels/rolled-in_scale_242.txt,.txt
train/train/labels/rolled-in_scale_243.txt,.txt
train/train/labels/rolled-in_scale_244.txt,.txt
train/train/labels/rolled-in_scale_245.txt,.txt
train/train/labels/rolled-in_scale_246.txt,.txt
train/train/labels/rolled-in_scale_247.txt,.txt
train/train/labels/rolled-in_scale_248.txt,.txt
train/train/labels/rolled-in_scale_249.txt,.txt
train/train/labels/rolled-in_scale_25.txt,.txt
train/train/labels/rolled-in_scale_250.txt,.txt
train/train/labels/rolled-in_scale_251.txt,.txt
train/train/labels/rolled-in_scale_252.txt,.txt
train/train/labels/rolled-in_scale_253.txt,.txt
train/train/labels/rolled-in_scale_254.txt,.txt
train/train/labels/rolled-in_scale_255.txt,.txt
train/train/labels/rolled-in_scale_256.txt,.txt
train/train/labels/rolled-in_scale_257.txt,.txt
train/train/labels/rolled-in_scale_258.txt,.txt
train/train/labels/rolled-in_scale_259.txt,.txt
train/train/labels/rolled-in_scale_26.txt,.txt
train/train/labels/rolled-in_scale_260.txt,.txt
train/train/labels/rolled-in_scale_261.txt,.txt
train/train/labels/rolled-in_scale_262.txt,.txt
train/train/labels/rolled-in_scale_263.txt,.txt
train/train/labels/rolled-in_scale_264.txt,.txt
train/train/labels/rolled-in_scale_265.txt,.txt
train/train/labels/rolled-in_scale_266.txt,.txt
train/train/labels/rolled-in_scale_267.txt,.txt
train/train/labels/rolled-in_scale_268.txt,.txt
train/train/labels/rolled-in_scale_269.txt,.txt
train/train/labels/rolled-in_scale_27.txt,.txt
train/train/labels/rolled-in_scale_270.txt,.txt
train/train/labels/rolled-in_scale_271.txt,.txt
train/train/labels/rolled-in_scale_272.txt,.txt
train/train/labels/rolled-in_scale_273.txt,.txt
train/train/labels/rolled-in_scale_274.txt,.txt
train/train/labels/rolled-in_scale_275.txt,.txt
train/train/labels/rolled-in_scale_276.txt,.txt
train/train/labels/rolled-in_scale_277.txt,.txt
train/train/labels/rolled-in_scale_278.txt,.txt
train/train/labels/rolled-in_scale_279.txt,.txt
train/train/labels/rolled-in_scale_28.txt,.txt
train/train/labels/rolled-in_scale_280.txt,.txt
train/train/labels/rolled-in_scale_281.txt,.txt
train/train/labels/rolled-in_scale_282.txt,.txt
train/train/labels/rolled-in_scale_283.txt,.txt
train/train/labels/rolled-in_scale_284.txt,.txt
train/train/labels/rolled-in_scale_285.txt,.txt
train/train/labels/rolled-in_scale_286.txt,.txt
train/train/labels/rolled-in_scale_287.txt,.txt
train/train/labels/rolled-in_scale_288.txt,.txt
train/train/labels/rolled-in_scale_289.txt,.txt
train/train/labels/rolled-in_scale_29.txt,.txt
train/train/labels/rolled-in_scale_290.txt,.txt
train/train/labels/rolled-in_scale_291.txt,.txt
train/train/labels/rolled-in_scale_292.txt,.txt
train/train/labels/rolled-in_scale_293.txt,.txt
train/train/labels/rolled-in_scale_294.txt,.txt
train/train/labels/rolled-in_scale_295.txt,.txt
train/train/labels/rolled-in_scale_296.txt,.txt
train/train/labels/rolled-in_scale_297.txt,.txt
train/train/labels/rolled-in_scale_298.txt,.txt
train/train/labels/rolled-in_scale_299.txt,.txt
train/train/labels/rolled-in_scale_30.txt,.txt
train/train/labels/rolled-in_scale_300.txt,.txt
train/train/labels/rolled-in_scale_31.txt,.txt
train/train/labels/rolled-in_scale_32.txt,.txt
train/train/labels/rolled-in_scale_33.txt,.txt
train/train/labels/rolled-in_scale_34.txt,.txt
train/train/labels/rolled-in_scale_35.txt,.txt
train/train/labels/rolled-in_scale_36.txt,.txt
train/train/labels/rolled-in_scale_37.txt,.txt
train/train/labels/rolled-in_scale_38.txt,.txt
train/train/labels/rolled-in_scale_39.txt,.txt
train/train/labels/rolled-in_scale_40.txt,.txt
train/train/labels/rolled-in_scale_41.txt,.txt
train/train/labels/rolled-in_scale_42.txt,.txt
train/train/labels/rolled-in_scale_43.txt,.txt
train/train/labels/rolled-in_scale_44.txt,.txt
train/train/labels/rolled-in_scale_45.txt,.txt
train/train/labels/rolled-in_scale_46.txt,.txt
train/train/labels/rolled-in_scale_47.txt,.txt
train/train/labels/rolled-in_scale_48.txt,.txt
train/train/labels/rolled-in_scale_49.txt,.txt
train/train/labels/rolled-in_scale_50.txt,.txt
train/train/labels/rolled-in_scale_51.txt,.txt
train/train/labels/rolled-in_scale_52.txt,.txt
train/train/labels/rolled-in_scale_53.txt,.txt
train/train/labels/rolled-in_scale_54.txt,.txt
train/train/labels/rolled-in_scale_55.txt,.txt
train/train/labels/rolled-in_scale_56.txt,.txt
train/train/labels/rolled-in_scale_57.txt,.txt
train/train/labels/rolled-in_scale_58.txt,.txt
train/train/labels/rolled-in_scale_59.txt,.txt
train/train/labels/rolled-in_scale_6.txt,.txt
train/train/labels/rolled-in_scale_60.txt,.txt
train/train/labels/rolled-in_scale_61.txt,.txt
train/train/labels/rolled-in_scale_62.txt,.txt
train/train/labels/rolled-in_scale_63.txt,.txt
train/train/labels/rolled-in_scale_64.txt,.txt
train/train/labels/rolled-in_scale_65.txt,.txt
train/train/labels/rolled-in_scale_66.txt,.txt
train/train/labels/rolled-in_scale_67.txt,.txt
train/train/labels/rolled-in_scale_68.txt,.txt
train/train/labels/rolled-in_scale_69.txt,.txt
train/train/labels/rolled-in_scale_7.txt,.txt
train/train/labels/rolled-in_scale_70.txt,.txt
train/train/labels/rolled-in_scale_71.txt,.txt
train/train/labels/rolled-in_scale_72.txt,.txt
train/train/labels/rolled-in_scale_73.txt,.txt
train/train/labels/rolled-in_scale_74.txt,.txt
train/train/labels/rolled-in_scale_75.txt,.txt
train/train/labels/rolled-in_scale_76.txt,.txt
train/train/labels/rolled-in_scale_77.txt,.txt
train/train/labels/rolled-in_scale_78.txt,.txt
train/train/labels/rolled-in_scale_79.txt,.txt
train/train/labels/rolled-in_scale_8.txt,.txt
train/train/labels/rolled-in_scale_80.txt,.txt
train/train/labels/rolled-in_scale_81.txt,.txt
train/train/labels/rolled-in_scale_82.txt,.txt
train/train/labels/rolled-in_scale_83.txt,.txt
train/train/labels/rolled-in_scale_84.txt,.txt
train/train/labels/rolled-in_scale_85.txt,.txt
train/train/labels/rolled-in_scale_86.txt,.txt
train/train/labels/rolled-in_scale_87.txt,.txt
train/train/labels/rolled-in_scale_88.txt,.txt
train/train/labels/rolled-in_scale_89.txt,.txt
train/train/labels/rolled-in_scale_9.txt,.txt
train/train/labels/rolled-in_scale_90.txt,.txt
train/train/labels/rolled-in_scale_91.txt,.txt
train/train/labels/rolled-in_scale_92.txt,.txt
train/train/labels/rolled-in_scale_93.txt,.txt
train/train/labels/rolled-in_scale_94.txt,.txt
train/train/labels/rolled-in_scale_95.txt,.txt
train/train/labels/rolled-in_scale_96.txt,.txt
train/train/labels/rolled-in_scale_97.txt,.txt
train/train/labels/rolled-in_scale_98.txt,.txt
train/train/labels/rolled-in_scale_99.txt,.txt
train/train/labels/scratches_10.txt,.txt
train/train/labels/scratches_100.txt,.txt
train/train/labels/scratches_101.txt,.txt
train/train/labels/scratches_102.txt,.txt
train/train/labels/scratches_103.txt,.txt
train/train/labels/scratches_104.txt,.txt
train/train/labels/scratches_105.txt,.txt
train/train/labels/scratches_106.txt,.txt
train/train/labels/scratches_107.txt,.txt
train/train/labels/scratches_108.txt,.txt
train/train/labels/scratches_109.txt,.txt
train/train/labels/scratches_11.txt,.txt
train/train/labels/scratches_110.txt,.txt
train/train/labels/scratches_111.txt,.txt
train/train/labels/scratches_112.txt,.txt
train/train/labels/scratches_113.txt,.txt
train/train/labels/scratches_114.txt,.txt
train/train/labels/scratches_115.txt,.txt
train/train/labels/scratches_116.txt,.txt
train/train/labels/scratches_117.txt,.txt
train/train/labels/scratches_118.txt,.txt
train/train/labels/scratches_119.txt,.txt
train/train/labels/scratches_12.txt,.txt
train/train/labels/scratches_120.txt,.txt
train/train/labels/scratches_121.txt,.txt
train/train/labels/scratches_122.txt,.txt
train/train/labels/scratches_123.txt,.txt
train/train/labels/scratches_124.txt,.txt
train/train/labels/scratches_125.txt,.txt
train/train/labels/scratches_126.txt,.txt
train/train/labels/scratches_127.txt,.txt
train/train/labels/scratches_128.txt,.txt
train/train/labels/scratches_129.txt,.txt
train/train/labels/scratches_13.txt,.txt
train/train/labels/scratches_130.txt,.txt
train/train/labels/scratches_131.txt,.txt
train/train/labels/scratches_132.txt,.txt
train/train/labels/scratches_133.txt,.txt
train/train/labels/scratches_134.txt,.txt
train/train/labels/scratches_135.txt,.txt
train/train/labels/scratches_136.txt,.txt
train/train/labels/scratches_137.txt,.txt
train/train/labels/scratches_138.txt,.txt
train/train/labels/scratches_139.txt,.txt
train/train/labels/scratches_14.txt,.txt
train/train/labels/scratches_140.txt,.txt
train/train/labels/scratches_141.txt,.txt
train/train/labels/scratches_142.txt,.txt
train/train/labels/scratches_143.txt,.txt
train/train/labels/scratches_144.txt,.txt
train/train/labels/scratches_145.txt,.txt
train/train/labels/scratches_146.txt,.txt
train/train/labels/scratches_147.txt,.txt
train/train/labels/scratches_148.txt,.txt
train/train/labels/scratches_149.txt,.txt
train/train/labels/scratches_15.txt,.txt
train/train/labels/scratches_150.txt,.txt
train/train/labels/scratches_151.txt,.txt
train/train/labels/scratches_152.txt,.txt
train/train/labels/scratches_153.txt,.txt
train/train/labels/scratches_154.txt,.txt
train/train/labels/scratches_155.txt,.txt
train/train/labels/scratches_156.txt,.txt
train/train/labels/scratches_157.txt,.txt
train/train/labels/scratches_158.txt,.txt
train/train/labels/scratches_159.txt,.txt
train/train/labels/scratches_16.txt,.txt
train/train/labels/scratches_160.txt,.txt
train/train/labels/scratches_161.txt,.txt
train/train/labels/scratches_162.txt,.txt
train/train/labels/scratches_163.txt,.txt
train/train/labels/scratches_164.txt,.txt
train/train/labels/scratches_165.txt,.txt
train/train/labels/scratches_166.txt,.txt
train/train/labels/scratches_167.txt,.txt
train/train/labels/scratches_168.txt,.txt
train/train/labels/scratches_169.txt,.txt
train/train/labels/scratches_17.txt,.txt
train/train/labels/scratches_170.txt,.txt
train/train/labels/scratches_171.txt,.txt
train/train/labels/scratches_172.txt,.txt
train/train/labels/scratches_173.txt,.txt
train/train/labels/scratches_174.txt,.txt
train/train/labels/scratches_175.txt,.txt
train/train/labels/scratches_176.txt,.txt
train/train/labels/scratches_177.txt,.txt
train/train/labels/scratches_178.txt,.txt
train/train/labels/scratches_179.txt,.txt
train/train/labels/scratches_18.txt,.txt
train/train/labels/scratches_180.txt,.txt
train/train/labels/scratches_181.txt,.txt
train/train/labels/scratches_182.txt,.txt
train/train/labels/scratches_183.txt,.txt
train/train/labels/scratches_184.txt,.txt
train/train/labels/scratches_185.txt,.txt
train/train/labels/scratches_186.txt,.txt
train/train/labels/scratches_187.txt,.txt
train/train/labels/scratches_188.txt,.txt
train/train/labels/scratches_189.txt,.txt
train/train/labels/scratches_19.txt,.txt
train/train/labels/scratches_190.txt,.txt
train/train/labels/scratches_191.txt,.txt
train/train/labels/scratches_192.txt,.txt
train/train/labels/scratches_193.txt,.txt
train/train/labels/scratches_194.txt,.txt
train/train/labels/scratches_195.txt,.txt
train/train/labels/scratches_196.txt,.txt
train/train/labels/scratches_197.txt,.txt
train/train/labels/scratches_198.txt,.txt
train/train/labels/scratches_199.txt,.txt
train/train/labels/scratches_20.txt,.txt
train/train/labels/scratches_200.txt,.txt
train/train/labels/scratches_201.txt,.txt
train/train/labels/scratches_202.txt,.txt
train/train/labels/scratches_203.txt,.txt
train/train/labels/scratches_204.txt,.txt
train/train/labels/scratches_205.txt,.txt
train/train/labels/scratches_206.txt,.txt
train/train/labels/scratches_207.txt,.txt
train/train/labels/scratches_208.txt,.txt
train/train/labels/scratches_209.txt,.txt
train/train/labels/scratches_21.txt,.txt
train/train/labels/scratches_210.txt,.txt
train/train/labels/scratches_211.txt,.txt
train/train/labels/scratches_212.txt,.txt
train/train/labels/scratches_213.txt,.txt
train/train/labels/scratches_214.txt,.txt
train/train/labels/scratches_215.txt,.txt
train/train/labels/scratches_216.txt,.txt
train/train/labels/scratches_217.txt,.txt
train/train/labels/scratches_218.txt,.txt
train/train/labels/scratches_219.txt,.txt
train/train/labels/scratches_22.txt,.txt
train/train/labels/scratches_220.txt,.txt
train/train/labels/scratches_221.txt,.txt
train/train/labels/scratches_222.txt,.txt
train/train/labels/scratches_223.txt,.txt
train/train/labels/scratches_224.txt,.txt
train/train/labels/scratches_225.txt,.txt
train/train/labels/scratches_226.txt,.txt
train/train/labels/scratches_227.txt,.txt
train/train/labels/scratches_228.txt,.txt
train/train/labels/scratches_229.txt,.txt
train/train/labels/scratches_23.txt,.txt
train/train/labels/scratches_230.txt,.txt
train/train/labels/scratches_231.txt,.txt
train/train/labels/scratches_232.txt,.txt
train/train/labels/scratches_233.txt,.txt
train/train/labels/scratches_234.txt,.txt
train/train/labels/scratches_235.txt,.txt
train/train/labels/scratches_236.txt,.txt
train/train/labels/scratches_237.txt,.txt
train/train/labels/scratches_238.txt,.txt
train/train/labels/scratches_239.txt,.txt
train/train/labels/scratches_24.txt,.txt
train/train/labels/scratches_240.txt,.txt
train/train/labels/scratches_241.txt,.txt
train/train/labels/scratches_242.txt,.txt
train/train/labels/scratches_243.txt,.txt
train/train/labels/scratches_244.txt,.txt
train/train/labels/scratches_245.txt,.txt
train/train/labels/scratches_246.txt,.txt
train/train/labels/scratches_247.txt,.txt
train/train/labels/scratches_248.txt,.txt
train/train/labels/scratches_249.txt,.txt
train/train/labels/scratches_25.txt,.txt
train/train/labels/scratches_250.txt,.txt
train/train/labels/scratches_251.txt,.txt
train/train/labels/scratches_252.txt,.txt
train/train/labels/scratches_253.txt,.txt
train/train/labels/scratches_254.txt,.txt
train/train/labels/scratches_255.txt,.txt
train/train/labels/scratches_256.txt,.txt
train/train/labels/scratches_257.txt,.txt
train/train/labels/scratches_258.txt,.txt
train/train/labels/scratches_259.txt,.txt
train/train/labels/scratches_26.txt,.txt
train/train/labels/scratches_260.txt,.txt
train/train/labels/scratches_261.txt,.txt
train/train/labels/scratches_262.txt,.txt
train/train/labels/scratches_263.txt,.txt
train/train/labels/scratches_264.txt,.txt
train/train/labels/scratches_265.txt,.txt
train/train/labels/scratches_266.txt,.txt
train/train/labels/scratches_267.txt,.txt
train/train/labels/scratches_268.txt,.txt
train/train/labels/scratches_269.txt,.txt
train/train/labels/scratches_27.txt,.txt
train/train/labels/scratches_270.txt,.txt
train/train/labels/scratches_271.txt,.txt
train/train/labels/scratches_272.txt,.txt
train/train/labels/scratches_273.txt,.txt
train/train/labels/scratches_274.txt,.txt
train/train/labels/scratches_275.txt,.txt
train/train/labels/scratches_276.txt,.txt
train/train/labels/scratches_277.txt,.txt
train/train/labels/scratches_278.txt,.txt
train/train/labels/scratches_279.txt,.txt
train/train/labels/scratches_28.txt,.txt
train/train/labels/scratches_280.txt,.txt
train/train/labels/scratches_281.txt,.txt
train/train/labels/scratches_282.txt,.txt
train/train/labels/scratches_283.txt,.txt
train/train/labels/scratches_284.txt,.txt
train/train/labels/scratches_285.txt,.txt
train/train/labels/scratches_286.txt,.txt
train/train/labels/scratches_287.txt,.txt
train/train/labels/scratches_288.txt,.txt
train/train/labels/scratches_289.txt,.txt
train/train/labels/scratches_29.txt,.txt
train/train/labels/scratches_290.txt,.txt
train/train/labels/scratches_291.txt,.txt
train/train/labels/scratches_292.txt,.txt
train/train/labels/scratches_293.txt,.txt
train/train/labels/scratches_294.txt,.txt
train/train/labels/scratches_295.txt,.txt
train/train/labels/scratches_296.txt,.txt
train/train/labels/scratches_297.txt,.txt
train/train/labels/scratches_298.txt,.txt
train/train/labels/scratches_299.txt,.txt
train/train/labels/scratches_30.txt,.txt
train/train/labels/scratches_300.txt,.txt
train/train/labels/scratches_31.txt,.txt
train/train/labels/scratches_32.txt,.txt
train/train/labels/scratches_33.txt,.txt
train/train/labels/scratches_34.txt,.txt
train/train/labels/scratches_35.txt,.txt
train/train/labels/scratches_36.txt,.txt
train/train/labels/scratches_37.txt,.txt
train/train/labels/scratches_38.txt,.txt
train/train/labels/scratches_39.txt,.txt
train/train/labels/scratches_40.txt,.txt
train/train/labels/scratches_41.txt,.txt
train/train/labels/scratches_42.txt,.txt
train/train/labels/scratches_43.txt,.txt
train/train/labels/scratches_44.txt,.txt
train/train/labels/scratches_45.txt,.txt
train/train/labels/scratches_46.txt,.txt
train/train/labels/scratches_47.txt,.txt
train/train/labels/scratches_48.txt,.txt
train/train/labels/scratches_49.txt,.txt
train/train/labels/scratches_50.txt,.txt
train/train/labels/scratches_51.txt,.txt
train/train/labels/scratches_52.txt,.txt
train/train/labels/scratches_53.txt,.txt
train/train/labels/scratches_54.txt,.txt
train/train/labels/scratches_55.txt,.txt
train/train/labels/scratches_56.txt,.txt
train/train/labels/scratches_57.txt,.txt
train/train/labels/scratches_58.txt,.txt
train/train/labels/scratches_59.txt,.txt
train/train/labels/scratches_6.txt,.txt
train/train/labels/scratches_60.txt,.txt
train/train/labels/scratches_61.txt,.txt
train/train/labels/scratches_62.txt,.txt
train/train/labels/scratches_63.txt,.txt
train/train/labels/scratches_64.txt,.txt
train/train/labels/scratches_65.txt,.txt
train/train/labels/scratches_66.txt,.txt
train/train/labels/scratches_67.txt,.txt
train/train/labels/scratches_68.txt,.txt
train/train/labels/scratches_69.txt,.txt
train/train/labels/scratches_7.txt,.txt
train/train/labels/scratches_70.txt,.txt
train/train/labels/scratches_71.txt,.txt
train/train/labels/scratches_72.txt,.txt
train/train/labels/scratches_73.txt,.txt
train/train/labels/scratches_74.txt,.txt
train/train/labels/scratches_75.txt,.txt
train/train/labels/scratches_76.txt,.txt
train/train/labels/scratches_77.txt,.txt
train/train/labels/scratches_78.txt,.txt
train/train/labels/scratches_79.txt,.txt
train/train/labels/scratches_8.txt,.txt
train/train/labels/scratches_80.txt,.txt
train/train/labels/scratches_81.txt,.txt
train/train/labels/scratches_82.txt,.txt
train/train/labels/scratches_83.txt,.txt
train/train/labels/scratches_84.txt,.txt
train/train/labels/scratches_85.txt,.txt
train/train/labels/scratches_86.txt,.txt
train/train/labels/scratches_87.txt,.txt
train/train/labels/scratches_88.txt,.txt
train/train/labels/scratches_89.txt,.txt
train/train/labels/scratches_9.txt,.txt
train/train/labels/scratches_90.txt,.txt
train/train/labels/scratches_91.txt,.txt
train/train/labels/scratches_92.txt,.txt
train/train/labels/scratches_93.txt,.txt
train/train/labels/scratches_94.txt,.txt
train/train/labels/scratches_95.txt,.txt
train/train/labels/scratches_96.txt,.txt
train/train/labels/scratches_97.txt,.txt
train/train/labels/scratches_98.txt,.txt
train/train/labels/scratches_99.txt,.txt
valid/valid/labels.cache,.cache
valid/valid/labels/crazing_1.txt,.txt
valid/valid/labels/crazing_2.txt,.txt
valid/valid/labels/crazing_3.txt,.txt
valid/valid/labels/crazing_4.txt,.txt
valid/valid/labels/crazing_5.txt,.txt
valid/valid/labels/inclusion_1.txt,.txt
valid/valid/labels/inclusion_2.txt,.txt
valid/valid/labels/inclusion_3.txt,.txt
valid/valid/labels/inclusion_4.txt,.txt
valid/valid/labels/inclusion_5.txt,.txt
valid/valid/labels/patches_1.txt,.txt
valid/valid/labels/patches_2.txt,.txt
valid/valid/labels/patches_3.txt,.txt
valid/valid/labels/patches_4.txt,.txt
valid/valid/labels/patches_5.txt,.txt
valid/valid/labels/pitted_surface_1.txt,.txt
valid/valid/labels/pitted_surface_2.txt,.txt
valid/valid/labels/pitted_surface_3.txt,.txt
valid/valid/labels/pitted_surface_4.txt,.txt
valid/valid/labels/pitted_surface_5.txt,.txt
valid/valid/labels/rolled-in_scale_1.txt,.txt
valid/valid/labels/rolled-in_scale_2.txt,.txt
valid/valid/labels/rolled-in_scale_3.txt,.txt
valid/valid/labels/rolled-in_scale_4.txt,.txt
valid/valid/labels/rolled-in_scale_5.txt,.txt
valid/valid/labels/scratches_1.txt,.txt
valid/valid/labels/scratches_2.txt,.txt
valid/valid/labels/scratches_3.txt,.txt
valid/valid/labels/scratches_4.txt,.txt
valid/valid/labels/scratches_5.txt,.txt
