cap,fold,epoch,online_loss,train_loss,validation_loss,train_f1,validation_f1,patience_used,fit_seconds
40,2,1,1.3511705173812256,1.4357949164926642,1.434321853849623,0.30486787784243846,0.3004539800587833,0,4.13177810003981
40,2,2,1.033804319921936,0.926107441415795,0.9261001480950249,0.7875432285290008,0.7645947793886382,0,4.854971599997953
40,2,3,0.8674489351379467,0.7251814072490463,0.7293313476774428,0.8635373994332425,0.8538603542928205,0,5.827105400036089
40,2,4,0.7487476889099068,0.6700720540551286,0.6932203902138604,0.7855000590386702,0.7230146530871169,1,4.575270600034855
40,2,5,0.6950639214441116,0.5640166586735889,0.5729765229754977,0.833789894531988,0.7880715439399423,2,4.370320099988021
40,2,6,0.6240088838167961,0.5278106499091114,0.5483861449691985,0.8635287595637281,0.8397808039575839,3,4.833157200017013
40,2,7,0.569647734264619,0.47167361507614625,0.49926844653156066,0.8750057770370628,0.8499052925163996,4,4.962387200095691
40,2,8,0.5392233096289697,0.4156851594495732,0.4373214410410987,0.8983065328091674,0.8931198471819464,0,4.897378800087608
40,2,9,0.5242458070805547,0.48177271309777203,0.5064812733067406,0.8074710170642364,0.8083401336140298,1,4.3145536000374705
40,2,10,0.4817658666162052,0.3990535427962667,0.4237973619666364,0.8523396831666141,0.8423593260988512,2,5.232579600065947
40,2,11,0.4491646101327692,0.3526952569118072,0.38194574374291634,0.9036186504449445,0.882237397732699,3,5.209480000077747
40,2,12,0.44874638955972174,0.3277301468298189,0.3535626745886273,0.8975459753988716,0.8715593585224365,4,4.300177400000393
40,2,13,0.3963343458109374,0.3290206287137122,0.35793325387769276,0.8777651546481394,0.8636653509618504,5,4.454966300050728
