path,HOG-SVM,CNN
data/NEU-CLS/train/train/images/crazing_100.jpg,0,0
data/NEU-CLS/train/train/images/crazing_102.jpg,0,0
data/NEU-CLS/train/train/images/crazing_111.jpg,0,2
data/NEU-CLS/train/train/images/crazing_112.jpg,0,2
data/NEU-CLS/train/train/images/crazing_118.jpg,0,0
data/NEU-CLS/train/train/images/crazing_119.jpg,0,0
data/NEU-CLS/train/train/images/crazing_130.jpg,0,0
data/NEU-CLS/train/train/images/crazing_139.jpg,0,0
data/NEU-CLS/train/train/images/crazing_142.jpg,0,0
data/NEU-CLS/train/train/images/crazing_143.jpg,0,0
data/NEU-CLS/train/train/images/crazing_144.jpg,0,0
data/NEU-CLS/train/train/images/crazing_145.jpg,0,0
data/NEU-CLS/train/train/images/crazing_147.jpg,0,0
data/NEU-CLS/train/train/images/crazing_148.jpg,0,0
data/NEU-CLS/train/train/images/crazing_149.jpg,0,0
data/NEU-CLS/train/train/images/crazing_152.jpg,0,0
data/NEU-CLS/train/train/images/crazing_164.jpg,0,0
data/NEU-CLS/train/train/images/crazing_172.jpg,0,0
data/NEU-CLS/train/train/images/crazing_179.jpg,0,0
data/NEU-CLS/train/train/images/crazing_18.jpg,0,0
data/NEU-CLS/train/train/images/crazing_182.jpg,0,0
data/NEU-CLS/train/train/images/crazing_185.jpg,0,0
data/NEU-CLS/train/train/images/crazing_19.jpg,0,2
data/NEU-CLS/train/train/images/crazing_192.jpg,0,0
data/NEU-CLS/train/train/images/crazing_195.jpg,0,0
data/NEU-CLS/train/train/images/crazing_21.jpg,0,0
data/NEU-CLS/train/train/images/crazing_218.jpg,0,0
data/NEU-CLS/train/train/images/crazing_221.jpg,0,0
data/NEU-CLS/train/train/images/crazing_231.jpg,0,0
data/NEU-CLS/train/train/images/crazing_235.jpg,0,0
data/NEU-CLS/train/train/images/crazing_237.jpg,0,0
data/NEU-CLS/train/train/images/crazing_245.jpg,0,0
data/NEU-CLS/train/train/images/crazing_246.jpg,0,0
data/NEU-CLS/train/train/images/crazing_250.jpg,0,0
data/NEU-CLS/train/train/images/crazing_253.jpg,0,0
data/NEU-CLS/train/train/images/crazing_258.jpg,0,0
data/NEU-CLS/train/train/images/crazing_27.jpg,0,0
data/NEU-CLS/train/train/images/crazing_270.jpg,0,0
data/NEU-CLS/train/train/images/crazing_271.jpg,0,0
data/NEU-CLS/train/train/images/crazing_272.jpg,0,0
data/NEU-CLS/train/train/images/crazing_273.jpg,0,0
data/NEU-CLS/train/train/images/crazing_282.jpg,0,0
data/NEU-CLS/train/train/images/crazing_286.jpg,0,0
data/NEU-CLS/train/train/images/crazing_294.jpg,2,0
data/NEU-CLS/train/train/images/crazing_297.jpg,0,0
data/NEU-CLS/train/train/images/crazing_30.jpg,0,0
data/NEU-CLS/train/train/images/crazing_36.jpg,0,0
data/NEU-CLS/train/train/images/crazing_44.jpg,0,0
data/NEU-CLS/train/train/images/crazing_50.jpg,0,0
data/NEU-CLS/train/train/images/crazing_52.jpg,0,0
data/NEU-CLS/train/train/images/crazing_60.jpg,0,0
data/NEU-CLS/train/train/images/crazing_64.jpg,0,0
data/NEU-CLS/train/train/images/crazing_65.jpg,0,0
data/NEU-CLS/train/train/images/crazing_71.jpg,0,0
data/NEU-CLS/train/train/images/crazing_73.jpg,0,2
data/NEU-CLS/train/train/images/crazing_77.jpg,0,2
data/NEU-CLS/train/train/images/crazing_82.jpg,0,0
data/NEU-CLS/train/train/images/crazing_91.jpg,0,0
data/NEU-CLS/train/train/images/crazing_95.jpg,0,0
data/NEU-CLS/train/train/images/inclusion_102.jpg,1,1
data/NEU-CLS/train/train/images/inclusion_104.jpg,1,1
data/NEU-CLS/train/train/images/inclusion_110.jpg,1,1
data/NEU-CLS/train/train/images/inclusion_114.jpg,1,1
data/NEU-CLS/train/train/images/inclusion_115.jpg,1,1
data/NEU-CLS/train/train/images/inclusion_117.jpg,1,1
data/NEU-CLS/train/train/images/inclusion_122.jpg,1,1
data/NEU-CLS/train/train/images/inclusion_123.jpg,1,1
data/NEU-CLS/train/train/images/inclusion_130.jpg,1,1
data/NEU-CLS/train/train/images/inclusion_131.jpg,1,1
data/NEU-CLS/train/train/images/inclusion_132.jpg,1,1
data/NEU-CLS/train/train/images/inclusion_134.jpg,1,1
data/NEU-CLS/train/train/images/inclusion_140.jpg,1,1
data/NEU-CLS/train/train/images/inclusion_143.jpg,1,1
data/NEU-CLS/train/train/images/inclusion_144.jpg,1,1
data/NEU-CLS/train/train/images/inclusion_148.jpg,1,1
data/NEU-CLS/train/train/images/inclusion_150.jpg,1,1
data/NEU-CLS/train/train/images/inclusion_151.jpg,1,1
data/NEU-CLS/train/train/images/inclusion_153.jpg,1,1
data/NEU-CLS/train/train/images/inclusion_158.jpg,1,1
data/NEU-CLS/train/train/images/inclusion_185.jpg,1,1
data/NEU-CLS/train/train/images/inclusion_187.jpg,1,1
data/NEU-CLS/train/train/images/inclusion_189.jpg,1,1
data/NEU-CLS/train/train/images/inclusion_193.jpg,1,1
data/NEU-CLS/train/train/images/inclusion_202.jpg,1,1
data/NEU-CLS/train/train/images/inclusion_204.jpg,1,1
data/NEU-CLS/train/train/images/inclusion_214.jpg,1,1
data/NEU-CLS/train/train/images/inclusion_215.jpg,1,1
data/NEU-CLS/train/train/images/inclusion_221.jpg,1,1
data/NEU-CLS/train/train/images/inclusion_232.jpg,1,1
data/NEU-CLS/train/train/images/inclusion_236.jpg,1,1
data/NEU-CLS/train/train/images/inclusion_237.jpg,1,1
data/NEU-CLS/train/train/images/inclusion_238.jpg,1,1
data/NEU-CLS/train/train/images/inclusion_24.jpg,1,5
data/NEU-CLS/train/train/images/inclusion_242.jpg,1,1
data/NEU-CLS/train/train/images/inclusion_245.jpg,1,1
data/NEU-CLS/train/train/images/inclusion_253.jpg,1,1
data/NEU-CLS/train/train/images/inclusion_255.jpg,1,1
data/NEU-CLS/train/train/images/inclusion_256.jpg,1,1
data/NEU-CLS/train/train/images/inclusion_257.jpg,3,1
data/NEU-CLS/train/train/images/inclusion_259.jpg,1,1
data/NEU-CLS/train/train/images/inclusion_263.jpg,1,1
data/NEU-CLS/train/train/images/inclusion_27.jpg,1,1
data/NEU-CLS/train/train/images/inclusion_272.jpg,1,1
data/NEU-CLS/train/train/images/inclusion_273.jpg,1,1
data/NEU-CLS/train/train/images/inclusion_299.jpg,1,1
data/NEU-CLS/train/train/images/inclusion_30.jpg,1,1
data/NEU-CLS/train/train/images/inclusion_31.jpg,1,1
data/NEU-CLS/train/train/images/inclusion_34.jpg,1,1
data/NEU-CLS/train/train/images/inclusion_41.jpg,1,1
data/NEU-CLS/train/train/images/inclusion_54.jpg,1,1
data/NEU-CLS/train/train/images/inclusion_55.jpg,1,1
data/NEU-CLS/train/train/images/inclusion_60.jpg,1,1
data/NEU-CLS/train/train/images/inclusion_63.jpg,1,1
data/NEU-CLS/train/train/images/inclusion_82.jpg,1,1
data/NEU-CLS/train/train/images/inclusion_87.jpg,1,1
data/NEU-CLS/train/train/images/inclusion_88.jpg,1,1
data/NEU-CLS/train/train/images/inclusion_89.jpg,1,1
data/NEU-CLS/train/train/images/inclusion_90.jpg,1,1
data/NEU-CLS/train/train/images/patches_10.jpg,2,2
data/NEU-CLS/train/train/images/patches_101.jpg,2,2
data/NEU-CLS/train/train/images/patches_110.jpg,3,2
data/NEU-CLS/train/train/images/patches_112.jpg,2,2
data/NEU-CLS/train/train/images/patches_114.jpg,2,2
data/NEU-CLS/train/train/images/patches_117.jpg,2,2
data/NEU-CLS/train/train/images/patches_118.jpg,2,2
data/NEU-CLS/train/train/images/patches_135.jpg,2,2
data/NEU-CLS/train/train/images/patches_14.jpg,0,0
data/NEU-CLS/train/train/images/patches_142.jpg,2,2
data/NEU-CLS/train/train/images/patches_149.jpg,2,2
data/NEU-CLS/train/train/images/patches_152.jpg,5,2
data/NEU-CLS/train/train/images/patches_163.jpg,2,2
data/NEU-CLS/train/train/images/patches_167.jpg,5,2
data/NEU-CLS/train/train/images/patches_172.jpg,2,2
data/NEU-CLS/train/train/images/patches_182.jpg,2,2
data/NEU-CLS/train/train/images/patches_192.jpg,2,2
data/NEU-CLS/train/train/images/patches_206.jpg,2,2
data/NEU-CLS/train/train/images/patches_207.jpg,2,2
data/NEU-CLS/train/train/images/patches_214.jpg,2,2
data/NEU-CLS/train/train/images/patches_22.jpg,2,2
data/NEU-CLS/train/train/images/patches_221.jpg,2,2
data/NEU-CLS/train/train/images/patches_228.jpg,2,2
data/NEU-CLS/train/train/images/patches_23.jpg,2,2
data/NEU-CLS/train/train/images/patches_230.jpg,2,2
data/NEU-CLS/train/train/images/patches_233.jpg,0,2
data/NEU-CLS/train/train/images/patches_234.jpg,2,2
data/NEU-CLS/train/train/images/patches_235.jpg,2,2
data/NEU-CLS/train/train/images/patches_244.jpg,0,2
data/NEU-CLS/train/train/images/patches_245.jpg,2,2
data/NEU-CLS/train/train/images/patches_249.jpg,5,2
data/NEU-CLS/train/train/images/patches_251.jpg,2,2
data/NEU-CLS/train/train/images/patches_257.jpg,0,2
data/NEU-CLS/train/train/images/patches_265.jpg,2,2
data/NEU-CLS/train/train/images/patches_268.jpg,2,2
data/NEU-CLS/train/train/images/patches_272.jpg,2,2
data/NEU-CLS/train/train/images/patches_273.jpg,2,2
data/NEU-CLS/train/train/images/patches_281.jpg,2,2
data/NEU-CLS/train/train/images/patches_283.jpg,2,2
data/NEU-CLS/train/train/images/patches_284.jpg,2,2
data/NEU-CLS/train/train/images/patches_293.jpg,2,2
data/NEU-CLS/train/train/images/patches_295.jpg,2,2
data/NEU-CLS/train/train/images/patches_297.jpg,2,2
data/NEU-CLS/train/train/images/patches_30.jpg,2,2
data/NEU-CLS/train/train/images/patches_33.jpg,2,2
data/NEU-CLS/train/train/images/patches_36.jpg,2,2
data/NEU-CLS/train/train/images/patches_38.jpg,5,2
data/NEU-CLS/train/train/images/patches_42.jpg,5,2
data/NEU-CLS/train/train/images/patches_51.jpg,3,2
data/NEU-CLS/train/train/images/patches_60.jpg,0,2
data/NEU-CLS/train/train/images/patches_73.jpg,2,2
data/NEU-CLS/train/train/images/patches_79.jpg,2,2
data/NEU-CLS/train/train/images/patches_81.jpg,2,2
data/NEU-CLS/train/train/images/patches_82.jpg,2,2
data/NEU-CLS/train/train/images/patches_85.jpg,2,2
data/NEU-CLS/train/train/images/patches_87.jpg,2,2
data/NEU-CLS/train/train/images/patches_91.jpg,2,2
data/NEU-CLS/train/train/images/patches_92.jpg,2,2
data/NEU-CLS/train/train/images/patches_97.jpg,2,2
data/NEU-CLS/train/train/images/pitted_surface_10.jpg,1,1
data/NEU-CLS/train/train/images/pitted_surface_102.jpg,1,1
data/NEU-CLS/train/train/images/pitted_surface_103.jpg,3,1
data/NEU-CLS/train/train/images/pitted_surface_104.jpg,3,3
data/NEU-CLS/train/train/images/pitted_surface_108.jpg,1,1
data/NEU-CLS/train/train/images/pitted_surface_110.jpg,3,1
data/NEU-CLS/train/train/images/pitted_surface_117.jpg,3,1
data/NEU-CLS/train/train/images/pitted_surface_122.jpg,3,3
data/NEU-CLS/train/train/images/pitted_surface_127.jpg,3,3
data/NEU-CLS/train/train/images/pitted_surface_131.jpg,3,1
data/NEU-CLS/train/train/images/pitted_surface_133.jpg,3,3
data/NEU-CLS/train/train/images/pitted_surface_135.jpg,3,3
data/NEU-CLS/train/train/images/pitted_surface_141.jpg,3,3
data/NEU-CLS/train/train/images/pitted_surface_155.jpg,3,3
data/NEU-CLS/train/train/images/pitted_surface_156.jpg,3,3
data/NEU-CLS/train/train/images/pitted_surface_158.jpg,3,3
data/NEU-CLS/train/train/images/pitted_surface_162.jpg,3,3
data/NEU-CLS/train/train/images/pitted_surface_167.jpg,3,3
data/NEU-CLS/train/train/images/pitted_surface_175.jpg,2,3
data/NEU-CLS/train/train/images/pitted_surface_180.jpg,3,3
data/NEU-CLS/train/train/images/pitted_surface_184.jpg,3,3
data/NEU-CLS/train/train/images/pitted_surface_185.jpg,3,3
data/NEU-CLS/train/train/images/pitted_surface_190.jpg,3,3
data/NEU-CLS/train/train/images/pitted_surface_200.jpg,1,3
data/NEU-CLS/train/train/images/pitted_surface_201.jpg,3,3
data/NEU-CLS/train/train/images/pitted_surface_206.jpg,3,3
data/NEU-CLS/train/train/images/pitted_surface_217.jpg,1,3
data/NEU-CLS/train/train/images/pitted_surface_22.jpg,3,3
data/NEU-CLS/train/train/images/pitted_surface_220.jpg,3,3
data/NEU-CLS/train/train/images/pitted_surface_223.jpg,2,3
data/NEU-CLS/train/train/images/pitted_surface_224.jpg,3,3
data/NEU-CLS/train/train/images/pitted_surface_225.jpg,3,1
data/NEU-CLS/train/train/images/pitted_surface_226.jpg,3,1
data/NEU-CLS/train/train/images/pitted_surface_228.jpg,3,3
data/NEU-CLS/train/train/images/pitted_surface_235.jpg,1,3
data/NEU-CLS/train/train/images/pitted_surface_236.jpg,3,3
data/NEU-CLS/train/train/images/pitted_surface_237.jpg,3,3
data/NEU-CLS/train/train/images/pitted_surface_245.jpg,3,3
data/NEU-CLS/train/train/images/pitted_surface_251.jpg,3,3
data/NEU-CLS/train/train/images/pitted_surface_255.jpg,3,3
data/NEU-CLS/train/train/images/pitted_surface_256.jpg,3,3
data/NEU-CLS/train/train/images/pitted_surface_260.jpg,3,3
data/NEU-CLS/train/train/images/pitted_surface_275.jpg,3,3
data/NEU-CLS/train/train/images/pitted_surface_279.jpg,3,3
data/NEU-CLS/train/train/images/pitted_surface_283.jpg,3,3
data/NEU-CLS/train/train/images/pitted_surface_291.jpg,3,3
data/NEU-CLS/train/train/images/pitted_surface_299.jpg,1,3
data/NEU-CLS/train/train/images/pitted_surface_31.jpg,3,3
data/NEU-CLS/train/train/images/pitted_surface_33.jpg,3,3
data/NEU-CLS/train/train/images/pitted_surface_37.jpg,3,3
data/NEU-CLS/train/train/images/pitted_surface_51.jpg,3,3
data/NEU-CLS/train/train/images/pitted_surface_55.jpg,3,3
data/NEU-CLS/train/train/images/pitted_surface_56.jpg,3,3
data/NEU-CLS/train/train/images/pitted_surface_61.jpg,3,3
data/NEU-CLS/train/train/images/pitted_surface_82.jpg,3,1
data/NEU-CLS/train/train/images/pitted_surface_83.jpg,3,3
data/NEU-CLS/train/train/images/pitted_surface_93.jpg,2,3
data/NEU-CLS/train/train/images/pitted_surface_97.jpg,3,1
data/NEU-CLS/train/train/images/rolled-in_scale_100.jpg,4,4
data/NEU-CLS/train/train/images/rolled-in_scale_105.jpg,4,4
data/NEU-CLS/train/train/images/rolled-in_scale_106.jpg,4,4
data/NEU-CLS/train/train/images/rolled-in_scale_109.jpg,4,4
data/NEU-CLS/train/train/images/rolled-in_scale_117.jpg,4,4
data/NEU-CLS/train/train/images/rolled-in_scale_120.jpg,4,4
data/NEU-CLS/train/train/images/rolled-in_scale_131.jpg,4,4
data/NEU-CLS/train/train/images/rolled-in_scale_145.jpg,4,4
data/NEU-CLS/train/train/images/rolled-in_scale_147.jpg,4,4
data/NEU-CLS/train/train/images/rolled-in_scale_148.jpg,4,4
data/NEU-CLS/train/train/images/rolled-in_scale_149.jpg,4,4
data/NEU-CLS/train/train/images/rolled-in_scale_152.jpg,4,4
data/NEU-CLS/train/train/images/rolled-in_scale_16.jpg,4,4
data/NEU-CLS/train/train/images/rolled-in_scale_17.jpg,4,4
data/NEU-CLS/train/train/images/rolled-in_scale_172.jpg,4,4
data/NEU-CLS/train/train/images/rolled-in_scale_173.jpg,4,4
data/NEU-CLS/train/train/images/rolled-in_scale_176.jpg,4,4
data/NEU-CLS/train/train/images/rolled-in_scale_177.jpg,4,4
data/NEU-CLS/train/train/images/rolled-in_scale_178.jpg,4,4
data/NEU-CLS/train/train/images/rolled-in_scale_179.jpg,4,4
data/NEU-CLS/train/train/images/rolled-in_scale_182.jpg,4,4
data/NEU-CLS/train/train/images/rolled-in_scale_186.jpg,4,4
data/NEU-CLS/train/train/images/rolled-in_scale_187.jpg,4,4
data/NEU-CLS/train/train/images/rolled-in_scale_189.jpg,4,4
data/NEU-CLS/train/train/images/rolled-in_scale_197.jpg,4,4
data/NEU-CLS/train/train/images/rolled-in_scale_200.jpg,4,4
data/NEU-CLS/train/train/images/rolled-in_scale_207.jpg,4,4
data/NEU-CLS/train/train/images/rolled-in_scale_208.jpg,4,4
data/NEU-CLS/train/train/images/rolled-in_scale_215.jpg,4,4
data/NEU-CLS/train/train/images/rolled-in_scale_232.jpg,4,4
data/NEU-CLS/train/train/images/rolled-in_scale_236.jpg,4,4
data/NEU-CLS/train/train/images/rolled-in_scale_242.jpg,4,4
data/NEU-CLS/train/train/images/rolled-in_scale_245.jpg,4,4
data/NEU-CLS/train/train/images/rolled-in_scale_246.jpg,4,4
data/NEU-CLS/train/train/images/rolled-in_scale_249.jpg,4,4
data/NEU-CLS/train/train/images/rolled-in_scale_255.jpg,4,4
data/NEU-CLS/train/train/images/rolled-in_scale_260.jpg,4,4
data/NEU-CLS/train/train/images/rolled-in_scale_264.jpg,4,4
data/NEU-CLS/train/train/images/rolled-in_scale_27.jpg,4,4
data/NEU-CLS/train/train/images/rolled-in_scale_276.jpg,4,4
data/NEU-CLS/train/train/images/rolled-in_scale_278.jpg,4,4
data/NEU-CLS/train/train/images/rolled-in_scale_282.jpg,4,4
data/NEU-CLS/train/train/images/rolled-in_scale_294.jpg,4,4
data/NEU-CLS/train/train/images/rolled-in_scale_300.jpg,4,4
data/NEU-CLS/train/train/images/rolled-in_scale_31.jpg,4,4
data/NEU-CLS/train/train/images/rolled-in_scale_34.jpg,4,4
data/NEU-CLS/train/train/images/rolled-in_scale_37.jpg,4,4
data/NEU-CLS/train/train/images/rolled-in_scale_42.jpg,4,4
data/NEU-CLS/train/train/images/rolled-in_scale_46.jpg,4,4
data/NEU-CLS/train/train/images/rolled-in_scale_47.jpg,4,4
data/NEU-CLS/train/train/images/rolled-in_scale_52.jpg,4,4
data/NEU-CLS/train/train/images/rolled-in_scale_55.jpg,4,4
data/NEU-CLS/train/train/images/rolled-in_scale_57.jpg,4,4
data/NEU-CLS/train/train/images/rolled-in_scale_58.jpg,4,4
data/NEU-CLS/train/train/images/rolled-in_scale_62.jpg,4,4
data/NEU-CLS/train/train/images/rolled-in_scale_63.jpg,4,4
data/NEU-CLS/train/train/images/rolled-in_scale_7.jpg,4,4
data/NEU-CLS/train/train/images/rolled-in_scale_70.jpg,4,4
data/NEU-CLS/train/train/images/rolled-in_scale_85.jpg,4,4
data/NEU-CLS/train/train/images/rolled-in_scale_92.jpg,4,4
data/NEU-CLS/train/train/images/scratches_101.jpg,5,5
data/NEU-CLS/train/train/images/scratches_103.jpg,5,5
data/NEU-CLS/train/train/images/scratches_107.jpg,5,5
data/NEU-CLS/train/train/images/scratches_117.jpg,5,5
data/NEU-CLS/train/train/images/scratches_121.jpg,5,5
data/NEU-CLS/train/train/images/scratches_124.jpg,5,5
data/NEU-CLS/train/train/images/scratches_125.jpg,5,5
data/NEU-CLS/train/train/images/scratches_132.jpg,5,5
data/NEU-CLS/train/train/images/scratches_133.jpg,5,5
data/NEU-CLS/train/train/images/scratches_135.jpg,5,5
data/NEU-CLS/train/train/images/scratches_141.jpg,5,5
data/NEU-CLS/train/train/images/scratches_148.jpg,5,5
data/NEU-CLS/train/train/images/scratches_153.jpg,5,5
data/NEU-CLS/train/train/images/scratches_154.jpg,5,5
data/NEU-CLS/train/train/images/scratches_155.jpg,5,5
data/NEU-CLS/train/train/images/scratches_160.jpg,5,5
data/NEU-CLS/train/train/images/scratches_164.jpg,5,5
data/NEU-CLS/train/train/images/scratches_172.jpg,5,5
data/NEU-CLS/train/train/images/scratches_18.jpg,1,1
data/NEU-CLS/train/train/images/scratches_180.jpg,5,5
data/NEU-CLS/train/train/images/scratches_188.jpg,5,5
data/NEU-CLS/train/train/images/scratches_189.jpg,5,5
data/NEU-CLS/train/train/images/scratches_194.jpg,5,5
data/NEU-CLS/train/train/images/scratches_196.jpg,5,5
data/NEU-CLS/train/train/images/scratches_202.jpg,1,5
data/NEU-CLS/train/train/images/scratches_208.jpg,5,5
data/NEU-CLS/train/train/images/scratches_210.jpg,5,5
data/NEU-CLS/train/train/images/scratches_211.jpg,5,5
data/NEU-CLS/train/train/images/scratches_22.jpg,5,5
data/NEU-CLS/train/train/images/scratches_223.jpg,5,5
data/NEU-CLS/train/train/images/scratches_230.jpg,5,5
data/NEU-CLS/train/train/images/scratches_231.jpg,5,5
data/NEU-CLS/train/train/images/scratches_244.jpg,5,5
data/NEU-CLS/train/train/images/scratches_253.jpg,5,5
data/NEU-CLS/train/train/images/scratches_259.jpg,5,5
data/NEU-CLS/train/train/images/scratches_26.jpg,5,5
data/NEU-CLS/train/train/images/scratches_260.jpg,5,5
data/NEU-CLS/train/train/images/scratches_276.jpg,5,5
data/NEU-CLS/train/train/images/scratches_278.jpg,5,5
data/NEU-CLS/train/train/images/scratches_279.jpg,5,5
data/NEU-CLS/train/train/images/scratches_285.jpg,5,5
data/NEU-CLS/train/train/images/scratches_294.jpg,5,5
data/NEU-CLS/train/train/images/scratches_295.jpg,5,5
data/NEU-CLS/train/train/images/scratches_297.jpg,5,5
data/NEU-CLS/train/train/images/scratches_34.jpg,1,1
data/NEU-CLS/train/train/images/scratches_35.jpg,5,5
data/NEU-CLS/train/train/images/scratches_49.jpg,5,5
data/NEU-CLS/train/train/images/scratches_51.jpg,5,5
data/NEU-CLS/train/train/images/scratches_54.jpg,5,5
data/NEU-CLS/train/train/images/scratches_59.jpg,5,5
data/NEU-CLS/train/train/images/scratches_60.jpg,1,5
data/NEU-CLS/train/train/images/scratches_66.jpg,5,5
data/NEU-CLS/train/train/images/scratches_68.jpg,5,5
data/NEU-CLS/train/train/images/scratches_69.jpg,1,1
data/NEU-CLS/train/train/images/scratches_70.jpg,1,1
data/NEU-CLS/train/train/images/scratches_73.jpg,1,1
data/NEU-CLS/train/train/images/scratches_75.jpg,1,5
data/NEU-CLS/train/train/images/scratches_91.jpg,5,5
data/NEU-CLS/valid/valid/images/crazing_3.jpg,0,0
data/NEU-CLS/valid/valid/images/inclusion_2.jpg,1,1
data/NEU-CLS/valid/valid/images/patches_1.jpg,2,2
data/NEU-CLS/valid/valid/images/pitted_surface_2.jpg,1,3
data/NEU-CLS/valid/valid/images/pitted_surface_5.jpg,3,3
data/NEU-CLS/valid/valid/images/scratches_1.jpg,1,5
data/NEU-CLS/valid/valid/images/scratches_3.jpg,5,5
