condition,model,n,accuracy,f1_macro,delta_accuracy,delta_f1
clean,HOG-SVM,360,0.9027777777777778,0.9023023505851033,0.0,0.0
clean,CNN,360,0.9555555555555556,0.9554933202335448,0.0,0.0
blur,HOG-SVM,360,0.7722222222222223,0.7659137349266864,-0.13055555555555554,-0.13638861565841698
blur,CNN,360,0.6083333333333333,0.5546703499497476,-0.3472222222222223,-0.4008229702837972
brightness_low,HOG-SVM,360,0.9055555555555556,0.9051188606699632,0.002777777777777768,0.0028165100848598357
brightness_low,CNN,360,0.9361111111111111,0.9368868783741918,-0.019444444444444486,-0.018606441859353007
brightness_high,HOG-SVM,360,0.8472222222222222,0.8472320885677537,-0.05555555555555558,-0.05507026201734966
brightness_high,CNN,360,0.9416666666666667,0.9405531744241421,-0.01388888888888895,-0.014940145809402727
contrast,HOG-SVM,360,0.9055555555555556,0.904839525238409,0.002777777777777768,0.0025371746533057182
contrast,CNN,360,0.9388888888888889,0.9395036200728596,-0.01666666666666672,-0.01598970016068524
noise,HOG-SVM,360,0.6055555555555555,0.5640137320211885,-0.2972222222222223,-0.3382886185639148
noise,CNN,360,0.6138888888888889,0.5401691014576883,-0.3416666666666667,-0.41532421877585657
