candidate,fold,kernel,C,gamma,accuracy,precision_macro,recall_macro,f1_macro,fit_seconds
0,0,linear,0.1,scale,0.84375,0.8413074152744963,0.8437500000000001,0.840810295145961,8.408685000031255
0,1,linear,0.1,scale,0.8194444444444444,0.8241661369870462,0.8194444444444445,0.8174949311798717,8.279970199917443
0,2,linear,0.1,scale,0.8472222222222222,0.8469721966727709,0.8472222222222222,0.8461528481495643,4.914659700007178
0,3,linear,0.1,scale,0.8298611111111112,0.8300643591704508,0.8298611111111112,0.827595471515531,1.765261200023815
0,4,linear,0.1,scale,0.8292682926829268,0.8416331575002882,0.8285313238770685,0.8275784466751865,1.7349056999664754
1,0,linear,1.0,scale,0.84375,0.8413074152744963,0.8437500000000001,0.840810295145961,2.1771537999156862
1,1,linear,1.0,scale,0.8194444444444444,0.8241661369870462,0.8194444444444445,0.8174949311798717,1.9535064999945462
1,2,linear,1.0,scale,0.8472222222222222,0.8469721966727709,0.8472222222222222,0.8461528481495643,1.658498500008136
1,3,linear,1.0,scale,0.8298611111111112,0.8300643591704508,0.8298611111111112,0.827595471515531,1.597409199923277
1,4,linear,1.0,scale,0.8292682926829268,0.8416331575002882,0.8285313238770685,0.8275784466751865,1.6498585999943316
2,0,linear,10.0,scale,0.84375,0.8413074152744963,0.8437500000000001,0.840810295145961,1.8482140999985859
2,1,linear,10.0,scale,0.8194444444444444,0.8241661369870462,0.8194444444444445,0.8174949311798717,1.659558100043796
2,2,linear,10.0,scale,0.8472222222222222,0.8469721966727709,0.8472222222222222,0.8461528481495643,1.8652454999973997
2,3,linear,10.0,scale,0.8298611111111112,0.8300643591704508,0.8298611111111112,0.827595471515531,1.6443691999884322
2,4,linear,10.0,scale,0.8292682926829268,0.8416331575002882,0.8285313238770685,0.8275784466751865,1.605834300047718
3,0,rbf,0.1,scale,0.7465277777777778,0.7615033752964787,0.7465277777777777,0.7276934913166313,3.059071300085634
3,1,rbf,0.1,scale,0.7743055555555556,0.8007346349481828,0.7743055555555555,0.7612268178453198,2.7880130000412464
3,2,rbf,0.1,scale,0.7048611111111112,0.7371273055462462,0.7048611111111112,0.6655695064760934,9.779912699945271
3,3,rbf,0.1,scale,0.7361111111111112,0.7651091174605392,0.7361111111111112,0.7116744899047333,10.163037299993448
3,4,rbf,0.1,scale,0.6968641114982579,0.7111009557463174,0.6955526004728133,0.6794641016298498,9.48881279991474
4,0,rbf,1.0,scale,0.8888888888888888,0.8903787540372905,0.888888888888889,0.8871440980789731,8.066098000039347
4,1,rbf,1.0,scale,0.8923611111111112,0.8977377106667724,0.8923611111111112,0.8906928355187943,7.761986900004558
4,2,rbf,1.0,scale,0.8784722222222222,0.8785202131325119,0.8784722222222222,0.8745892939504772,6.804056499968283
4,3,rbf,1.0,scale,0.8715277777777778,0.8749202795298642,0.8715277777777778,0.8679014117004437,7.580411300063133
4,4,rbf,1.0,scale,0.867595818815331,0.870972205664064,0.8671690307328604,0.8658296459281393,7.308666400029324
5,0,rbf,10.0,scale,0.9097222222222222,0.9105415873451044,0.9097222222222222,0.9087627875345285,7.602558300015517
5,1,rbf,10.0,scale,0.8854166666666666,0.8896370421009876,0.8854166666666666,0.8837892716914578,11.993960699997842
5,2,rbf,10.0,scale,0.8854166666666666,0.8848741077450564,0.8854166666666666,0.8825021565890504,11.685311799985357
5,3,rbf,10.0,scale,0.8854166666666666,0.8858001238320389,0.8854166666666666,0.8838820904125294,11.51185989996884
5,4,rbf,10.0,scale,0.8780487804878049,0.8846903339472251,0.8775118203309692,0.8766312013565399,11.514230799977668
