,precision,recall,f1-score,support
crazing,0.9504132231404959,0.9583333333333334,0.9543568464730291,240.0
inclusion,0.8407407407407408,0.9458333333333333,0.8901960784313725,240.0
patches,0.9537815126050421,0.9497907949790795,0.9517819706498952,239.0
pitted_surface,0.933920704845815,0.8833333333333333,0.9079229122055674,240.0
rolled_in_scale,1.0,1.0,1.0,240.0
scratches,0.9594594594594594,0.8875,0.922077922077922,240.0
accuracy,0.9374565670604587,0.9374565670604587,0.9374565670604587,0.9374565670604587
macro avg,0.939719273465259,0.9374651324965133,0.9377226216396312,1439.0
weighted avg,0.9397095012351409,0.9374565670604587,0.9377128514179421,1439.0
