fold,epoch,online_train_loss,train_loss,train_macro_f1,validation_loss,validation_macro_f1,fit_seconds,train_diagnostic_seconds,validation_seconds,selected_checkpoint,patience_used
0,1,1.427904450820903,1.4450631700941627,0.2975814039257992,1.4178851710425482,0.3430436722919205,2.3545613000169396,1.106265699956566,0.26169109996408224,True,0
0,2,1.0443864914772305,0.9007091407253885,0.7733341281659293,0.876434670554267,0.805124628107209,2.289887799997814,0.9964901000494137,0.2456797999329865,True,0
0,3,0.8817011417770882,0.7407295354338546,0.8152754685257011,0.7175279027885861,0.8459279414578235,2.2759301000041887,0.9958445000229403,0.2455850999103859,True,0
0,4,0.7704703908293895,0.6354060962239522,0.8303873694898645,0.6054803199238248,0.8788041062250452,2.3388459000270814,1.006755099981092,0.26625360001344234,True,0
0,5,0.6926719626067102,0.5556532967929525,0.8510140772802859,0.5303073459201388,0.8834593046309173,2.1613130000187084,0.9709596000611782,0.25721459998749197,True,0
0,6,0.6160301010469889,0.5026916056793737,0.8660831501514132,0.4738108085261451,0.8895530481743791,2.247886100085452,0.9917283999966457,0.25839940004516393,True,0
0,7,0.5620119487276085,0.4328803269372206,0.8801311732029494,0.4137673220700688,0.8862131742646073,2.3184104999527335,1.1156365000642836,0.2648021000204608,False,1
0,8,0.5255320882869741,0.414882604864553,0.8936499324811119,0.3896040204498503,0.9309072612689829,2.3371136999921873,1.0617782999761403,0.2795961999800056,True,0
0,9,0.5122609665661041,0.38740539970240523,0.9010626200897676,0.34575293999579215,0.9408699824761325,2.2818496000254527,0.9877819999819621,0.2546948000090197,True,0
0,10,0.4542373332067949,0.35788930865808943,0.9029792985146058,0.3223569177918964,0.9230423939217182,2.234291600063443,1.002978999982588,0.24887759995181113,False,1
0,11,0.43793894004863204,0.4303490985589479,0.8090699749442667,0.3735308282905155,0.8546422082227708,2.2426627000095323,1.0256683999905363,0.2541594000067562,False,2
0,12,0.4478332975136519,0.3529452903699502,0.8861167133135628,0.3298880056374603,0.9198097970552204,2.2440219999989495,0.9943029000423849,0.2521030999487266,False,3
0,13,0.45048712829627957,0.33020664732110283,0.9008516121727537,0.29274677071306443,0.9272081429668599,2.3483045999892056,2.082751000067219,0.2526905999984592,False,4
0,14,0.40219484390019333,0.2893219143540625,0.9299524760582285,0.2605116636388832,0.9549304425152227,2.3002726000268012,1.0143236999865621,0.25374039995949715,True,0
0,15,0.38579370150039966,0.3088456573536042,0.9083072321750066,0.291520933724112,0.9315901345378195,2.3544381000101566,1.0448545999825,0.25374610000289977,False,1
0,16,0.39000571690674557,0.28145807613816914,0.90808302439958,0.24211469747953945,0.9404800763968861,2.268595000030473,0.9870907999575138,0.25309390004258603,False,2
0,17,0.3362980215421042,0.3623283006101976,0.839612067864843,0.34389583580195904,0.8578714030270541,2.3404166999971494,0.9935175999999046,0.25435629999265075,False,3
0,18,0.3414079966646604,0.24262877235870378,0.9269496295647593,0.21740135540150934,0.9454882035527197,2.3285172000760213,1.0172108999686316,0.25386299996171147,False,4
0,19,0.32368270303248114,0.22547626838437584,0.9332987927579545,0.19996281692551243,0.9651239928595551,2.260540399933234,0.9868069000076503,0.26627290004398674,True,0
0,20,0.294599920951419,0.21103480506160796,0.9239516566128508,0.17521004492623937,0.965152385611915,2.3101219999371096,1.017098500044085,0.241366499918513,True,0
0,21,0.31343801862048026,0.22004927986088677,0.9272859042368872,0.18620364906059372,0.9545899224210489,2.2619506999617442,1.0207306999946013,0.250295800040476,False,1
0,22,0.266358318326786,0.1983216207160523,0.9333889206455824,0.16541755116648144,0.9581516232765077,2.2764460999751464,1.0012417000252753,0.2500478000147268,False,2
0,23,0.2780478785314527,0.21418035374088562,0.9356093142961429,0.19070691987872124,0.958145758464591,2.304445799905807,1.0103948999894783,0.25725540006533265,False,3
0,24,0.2531466026807432,0.19380567606690652,0.9373834638846783,0.16102531159089672,0.9511551663597259,2.5067060999572277,1.0572092999937013,0.2628378999652341,False,4
0,25,0.2661451311291662,0.18821494426937543,0.9375837054370791,0.15284258706702125,0.9581795484151107,2.4294497000519186,1.041796199977398,0.2605152999749407,False,5
