candidate_id,kernel,C,gamma,fold,train_images,validation_images,accuracy,precision_macro,recall_macro,f1_macro,fit_seconds,predict_seconds
0,linear,0.1,scale,0,1151,288,0.84375,0.8413074152744963,0.8437500000000001,0.840810295145961,6.61217239999678,1.4932997000869364
0,linear,0.1,scale,1,1151,288,0.8194444444444444,0.8241661369870462,0.8194444444444445,0.8174949311798717,5.874323100084439,1.4360558000626042
0,linear,0.1,scale,2,1151,288,0.8472222222222222,0.8469721966727709,0.8472222222222222,0.8461528481495643,6.155576099990867,1.436189299914986
0,linear,0.1,scale,3,1151,288,0.8298611111111112,0.8300643591704508,0.8298611111111112,0.827595471515531,5.970949499984272,1.3890634999843314
0,linear,0.1,scale,4,1152,287,0.8292682926829268,0.8416331575002882,0.8285313238770685,0.8275784466751865,6.515781500027515,1.5231129000894725
1,linear,1.0,scale,0,1151,288,0.84375,0.8413074152744963,0.8437500000000001,0.840810295145961,6.505267599946819,1.5182456999318674
1,linear,1.0,scale,1,1151,288,0.8194444444444444,0.8241661369870462,0.8194444444444445,0.8174949311798717,7.3028498000930995,1.564548800000921
1,linear,1.0,scale,2,1151,288,0.8472222222222222,0.8469721966727709,0.8472222222222222,0.8461528481495643,6.787906000041403,1.6094428999349475
1,linear,1.0,scale,3,1151,288,0.8298611111111112,0.8300643591704508,0.8298611111111112,0.827595471515531,6.038428199943155,1.4917399999685585
1,linear,1.0,scale,4,1152,287,0.8292682926829268,0.8416331575002882,0.8285313238770685,0.8275784466751865,5.971821499988437,1.4725049999542534
2,linear,10.0,scale,0,1151,288,0.84375,0.8413074152744963,0.8437500000000001,0.840810295145961,7.2311465999810025,1.4395883999532089
2,linear,10.0,scale,1,1151,288,0.8194444444444444,0.8241661369870462,0.8194444444444445,0.8174949311798717,5.6869858000427485,1.4081549000693485
2,linear,10.0,scale,2,1151,288,0.8472222222222222,0.8469721966727709,0.8472222222222222,0.8461528481495643,5.771050699986517,1.3387046999996528
2,linear,10.0,scale,3,1151,288,0.8298611111111112,0.8300643591704508,0.8298611111111112,0.827595471515531,5.425445599947125,1.3749139999272302
2,linear,10.0,scale,4,1152,287,0.8292682926829268,0.8416331575002882,0.8285313238770685,0.8275784466751865,5.593779099988751,1.6125304999295622
3,rbf,0.1,scale,0,1151,288,0.7465277777777778,0.7615033752964787,0.7465277777777777,0.7276934913166313,9.954056699993089,2.9276686999946833
3,rbf,0.1,scale,1,1151,288,0.7743055555555556,0.8007346349481828,0.7743055555555555,0.7612268178453198,9.731247200048529,2.7587312000105157
3,rbf,0.1,scale,2,1151,288,0.7048611111111112,0.7371273055462462,0.7048611111111112,0.6655695064760934,9.558296700008214,2.704898399999365
3,rbf,0.1,scale,3,1151,288,0.7361111111111112,0.7651091174605392,0.7361111111111112,0.7116744899047333,9.095143700018525,2.653241000021808
