property,bin,model,class,n,recall
brightness,low,HOG-SVM,crazing,10,1.0
brightness,low,HOG-SVM,inclusion,33,1.0
brightness,low,HOG-SVM,patches,14,0.8571428571428571
brightness,low,HOG-SVM,pitted_surface,11,0.6363636363636364
brightness,low,HOG-SVM,rolled_in_scale,14,1.0
brightness,low,HOG-SVM,scratches,39,0.8974358974358975
brightness,low,CNN,crazing,10,0.8
brightness,low,CNN,inclusion,33,1.0
brightness,low,CNN,patches,14,1.0
brightness,low,CNN,pitted_surface,11,0.8181818181818182
brightness,low,CNN,rolled_in_scale,14,1.0
brightness,low,CNN,scratches,39,0.9743589743589743
brightness,middle,HOG-SVM,crazing,25,0.96
brightness,middle,HOG-SVM,inclusion,17,1.0
brightness,middle,HOG-SVM,patches,11,0.9090909090909091
brightness,middle,HOG-SVM,pitted_surface,9,0.7777777777777778
brightness,middle,HOG-SVM,rolled_in_scale,39,1.0
brightness,middle,HOG-SVM,scratches,17,0.7647058823529411
brightness,middle,CNN,crazing,25,1.0
brightness,middle,CNN,inclusion,17,1.0
brightness,middle,CNN,patches,11,1.0
brightness,middle,CNN,pitted_surface,9,0.3333333333333333
brightness,middle,CNN,rolled_in_scale,39,1.0
brightness,middle,CNN,scratches,17,0.9411764705882353
brightness,high,HOG-SVM,crazing,25,1.0
brightness,high,HOG-SVM,inclusion,10,0.6
brightness,high,HOG-SVM,patches,35,0.7428571428571429
brightness,high,HOG-SVM,pitted_surface,40,0.925
brightness,high,HOG-SVM,rolled_in_scale,7,1.0
brightness,high,HOG-SVM,scratches,4,0.75
brightness,high,CNN,crazing,25,1.0
brightness,high,CNN,inclusion,10,1.0
brightness,high,CNN,patches,35,0.9714285714285714
brightness,high,CNN,pitted_surface,40,0.925
brightness,high,CNN,rolled_in_scale,7,1.0
brightness,high,CNN,scratches,4,1.0
contrast,low,HOG-SVM,crazing,0,
contrast,low,HOG-SVM,inclusion,51,0.9803921568627451
contrast,low,HOG-SVM,patches,0,
contrast,low,HOG-SVM,pitted_surface,11,0.9090909090909091
contrast,low,HOG-SVM,rolled_in_scale,36,1.0
contrast,low,HOG-SVM,scratches,22,0.7272727272727273
contrast,low,CNN,crazing,0,
contrast,low,CNN,inclusion,51,1.0
contrast,low,CNN,patches,0,
contrast,low,CNN,pitted_surface,11,0.7272727272727273
contrast,low,CNN,rolled_in_scale,36,1.0
contrast,low,CNN,scratches,22,0.9545454545454546
contrast,middle,HOG-SVM,crazing,29,1.0
contrast,middle,HOG-SVM,inclusion,7,0.7142857142857143
contrast,middle,HOG-SVM,patches,4,1.0
contrast,middle,HOG-SVM,pitted_surface,29,0.7931034482758621
contrast,middle,HOG-SVM,rolled_in_scale,24,1.0
contrast,middle,HOG-SVM,scratches,27,0.8888888888888888
contrast,middle,CNN,crazing,29,0.9310344827586207
contrast,middle,CNN,inclusion,7,1.0
contrast,middle,CNN,patches,4,1.0
contrast,middle,CNN,pitted_surface,29,0.8275862068965517
contrast,middle,CNN,rolled_in_scale,24,1.0
contrast,middle,CNN,scratches,27,0.9629629629629629
contrast,high,HOG-SVM,crazing,31,0.967741935483871
contrast,high,HOG-SVM,inclusion,2,0.5
contrast,high,HOG-SVM,patches,56,0.7857142857142857
contrast,high,HOG-SVM,pitted_surface,20,0.9
contrast,high,HOG-SVM,rolled_in_scale,0,
contrast,high,HOG-SVM,scratches,11,1.0
contrast,high,CNN,crazing,31,1.0
contrast,high,CNN,inclusion,2,1.0
contrast,high,CNN,patches,56,0.9821428571428571
contrast,high,CNN,pitted_surface,20,0.85
contrast,high,CNN,rolled_in_scale,0,
contrast,high,CNN,scratches,11,1.0
sharpness,low,HOG-SVM,crazing,0,
sharpness,low,HOG-SVM,inclusion,60,0.9333333333333333
sharpness,low,HOG-SVM,patches,0,
sharpness,low,HOG-SVM,pitted_surface,20,0.7
sharpness,low,HOG-SVM,rolled_in_scale,0,
sharpness,low,HOG-SVM,scratches,41,0.8048780487804879
sharpness,low,CNN,crazing,0,
sharpness,low,CNN,inclusion,60,1.0
sharpness,low,CNN,patches,0,
sharpness,low,CNN,pitted_surface,20,0.55
sharpness,low,CNN,rolled_in_scale,0,
sharpness,low,CNN,scratches,41,0.9512195121951219
sharpness,middle,HOG-SVM,crazing,0,
sharpness,middle,HOG-SVM,inclusion,0,
sharpness,middle,HOG-SVM,patches,11,0.9090909090909091
sharpness,middle,HOG-SVM,pitted_surface,40,0.925
sharpness,middle,HOG-SVM,rolled_in_scale,48,1.0
sharpness,middle,HOG-SVM,scratches,19,0.9473684210526315
sharpness,middle,CNN,crazing,0,
sharpness,middle,CNN,inclusion,0,
sharpness,middle,CNN,patches,11,1.0
sharpness,middle,CNN,pitted_surface,40,0.95
sharpness,middle,CNN,rolled_in_scale,48,1.0
sharpness,middle,CNN,scratches,19,1.0
sharpness,high,HOG-SVM,crazing,60,0.9833333333333333
sharpness,high,HOG-SVM,inclusion,0,
sharpness,high,HOG-SVM,patches,49,0.7755102040816326
sharpness,high,HOG-SVM,pitted_surface,0,
sharpness,high,HOG-SVM,rolled_in_scale,12,1.0
sharpness,high,HOG-SVM,scratches,0,
sharpness,high,CNN,crazing,60,0.9666666666666667
sharpness,high,CNN,inclusion,0,
sharpness,high,CNN,patches,49,0.9795918367346939
sharpness,high,CNN,pitted_surface,0,
sharpness,high,CNN,rolled_in_scale,12,1.0
sharpness,high,CNN,scratches,0,
