property,bin,n,model,accuracy,precision_macro,recall_macro,f1_macro
brightness,low,121,HOG-SVM,0.9173553719008265,0.9302350427350428,0.8984903984903986,0.9043021851241028
brightness,low,121,CNN,0.9586776859504132,0.9652777777777777,0.9320901320901321,0.9442928247276073
brightness,middle,118,HOG-SVM,0.9322033898305084,0.934703557312253,0.9019290948702713,0.9101262626262626
brightness,middle,118,CNN,0.940677966101695,0.951388888888889,0.8790849673202615,0.883160877063316
brightness,high,121,HOG-SVM,0.859504132231405,0.8191809372476305,0.8363095238095238,0.8119145132566464
brightness,high,121,CNN,0.9669421487603306,0.9324786324786324,0.9827380952380952,0.9541530270430526
contrast,low,120,HOG-SVM,0.9333333333333333,0.6336580086580087,0.6027926322043969,0.61429593525019
contrast,low,120,CNN,0.9666666666666667,0.6498316498316499,0.6136363636363636,0.6280132148553201
contrast,middle,120,HOG-SVM,0.9083333333333333,0.833888888888889,0.8993796752417443,0.8532240186522952
contrast,middle,120,CNN,0.9333333333333333,0.8675213675213674,0.9535972754363559,0.8918463611859838
contrast,high,120,HOG-SVM,0.8666666666666667,0.643051242236025,0.6922427035330262,0.6607832670721241
contrast,high,120,CNN,0.9666666666666667,0.728125,0.8053571428571429,0.7442442442442442
sharpness,low,121,HOG-SVM,0.8512396694214877,0.43156199677938806,0.4063685636856369,0.4161585085697692
sharpness,low,121,CNN,0.9090909090909091,0.4741784037558685,0.41686991869918694,0.433451325617664
sharpness,middle,118,HOG-SVM,0.9576271186440678,0.6282051282051282,0.6302432216905901,0.6278908778908779
sharpness,middle,118,CNN,0.9830508474576272,0.6583333333333333,0.6583333333333333,0.6581196581196581
sharpness,high,121,HOG-SVM,0.9008264462809917,0.4851444851444851,0.4598072562358277,0.4704976595220498
sharpness,high,121,CNN,0.9752066115702479,0.49050847457627117,0.4910430839002267,0.4907478142772261
