path,class_name,sha256,svm_predicted,cnn_predicted,svm_correct,cnn_correct,cnn_max_softmax,cnn_softmax_crazing,cnn_softmax_inclusion,cnn_softmax_patches,cnn_softmax_pitted_surface,cnn_softmax_rolled_in_scale,cnn_softmax_scratches,category
data/NEU-CLS/train/train/images/crazing_294.jpg,crazing,067a4d6dd8fbae0a53fe3ed2242c7ceb0cabd778003db32a25205a45ca9f1230,patches,crazing,False,True,0.87696934,0.87696934,1.7614321e-06,0.12212433,0.00045901287,0.00037411108,7.136437e-05,cnn_correct_svm_wrong
data/NEU-CLS/train/train/images/inclusion_237.jpg,inclusion,301e2a0bc4c7b465bbd4dcc282c4053f5433bd56e1f63166fc752a217978ba26,pitted_surface,inclusion,False,True,0.56548184,0.0045322576,0.56548184,0.0014536949,0.16977365,0.0044117915,0.25434676,cnn_correct_svm_wrong
data/NEU-CLS/train/train/images/inclusion_253.jpg,inclusion,78720df6afaf5d771b71cabdb7009856de535560351867d55380e69ab8cf5749,pitted_surface,inclusion,False,True,0.85520977,0.00082045846,0.85520977,9.4691255e-05,0.05248581,0.0009034292,0.090485804,cnn_correct_svm_wrong
data/NEU-CLS/train/train/images/inclusion_256.jpg,inclusion,f6a08b773749caf1435416d99fe25457a4cb1fb2a1baf6cd2ba63fe05c616b3c,pitted_surface,inclusion,False,True,0.77802837,0.0019974809,0.77802837,0.00034661195,0.1109155,0.0020043724,0.10670759,cnn_correct_svm_wrong
data/NEU-CLS/train/train/images/inclusion_257.jpg,inclusion,e276da9fa99083be544b0ac21a958e1754e3ef80598c0f5756dcd7d3786c4745,pitted_surface,inclusion,False,True,0.82662886,0.0012905998,0.82662886,0.00019965965,0.082237534,0.0019894377,0.08765394,cnn_correct_svm_wrong
data/NEU-CLS/train/train/images/patches_110.jpg,patches,030250f554661a749b7e832fc5b6a3fc336e94b7e25d5da9ce87ecd50c3b106f,pitted_surface,patches,False,True,0.99367034,0.0040675336,7.92527e-08,0.99367034,0.00020908873,0.00020422299,0.0018487148,cnn_correct_svm_wrong
data/NEU-CLS/train/train/images/patches_152.jpg,patches,d2f30341e0189fdd3c47b4ef3b94b381fcc9d43f4b3b4efb3df1722a203db58e,scratches,patches,False,True,0.9810067,2.8948292e-05,2.7398084e-10,0.9810067,2.5934276e-06,3.1945763e-06,0.018958535,cnn_correct_svm_wrong
data/NEU-CLS/train/train/images/patches_167.jpg,patches,631d3384882fbb9935daa7032092688d3bc9d716c12175bc59e2c5767289a205,scratches,patches,False,True,0.9965893,0.0014112026,1.1312121e-09,0.9965893,7.961943e-06,4.1813287e-06,0.0019873003,cnn_correct_svm_wrong
data/NEU-CLS/train/train/images/patches_233.jpg,patches,d8d82af5475004befe8aad2d33fa125d4f25a9d133a25f689bd6e434f1dcf1b5,crazing,patches,False,True,0.99573934,0.00045074272,1.0695137e-06,0.99573934,0.0023862943,0.0007772161,0.000645432,cnn_correct_svm_wrong
data/NEU-CLS/train/train/images/patches_244.jpg,patches,315c904e5d70da210481d8a3d0353a46f3f7b7f10791140e74c0d5b5f32d0c10,crazing,patches,False,True,0.97295594,0.021416629,1.5469902e-06,0.97295594,0.0008525988,0.0039035676,0.00086961844,cnn_correct_svm_wrong
data/NEU-CLS/train/train/images/patches_249.jpg,patches,2dc3453e4d6fbfa651d2625258f5b6bfbf234b13c294f82bc66b39b75c0318e4,scratches,patches,False,True,0.9986337,0.00047227048,1.5395364e-10,0.9986337,2.864905e-06,1.4349348e-06,0.0008897032,cnn_correct_svm_wrong
data/NEU-CLS/train/train/images/patches_257.jpg,patches,0a3c01f45ef41e5d16a39722fa4f1211cfd2d2e8d9ad17ff1170e491cbc973a7,crazing,patches,False,True,0.96778685,0.03152479,4.127252e-08,0.96778685,7.006349e-05,7.832474e-05,0.0005399425,cnn_correct_svm_wrong
data/NEU-CLS/train/train/images/patches_38.jpg,patches,850630a905233629d96e499f95cc288025add64fa216273b81fa0894ca4f4997,scratches,patches,False,True,0.99826956,5.4461158e-05,1.5092029e-10,0.99826956,2.6691848e-06,3.1794748e-06,0.0016700681,cnn_correct_svm_wrong
data/NEU-CLS/train/train/images/patches_42.jpg,patches,0dfc1c73fd895bfffe2a6d86840b8c44ff8ef4cb5d13e18a0f4cb01664b6e3a8,scratches,patches,False,True,0.88806605,0.00016872262,2.5634145e-07,0.88806605,0.00038200544,0.00013950348,0.11124345,cnn_correct_svm_wrong
data/NEU-CLS/train/train/images/patches_51.jpg,patches,18d85c3b688f740fd42f09990f12327ad9d97238da066489ed8eb8ace4bad2b4,pitted_surface,patches,False,True,0.9784612,0.010472583,1.5360071e-07,0.9784612,0.000177416,0.0002556426,0.010632887,cnn_correct_svm_wrong
data/NEU-CLS/train/train/images/patches_60.jpg,patches,1fc9b5946cfd859f68e4c41b2b75171e36db8f6a3ead99d45ac4db7f4548170a,crazing,patches,False,True,0.9949473,0.0038268804,1.0876619e-08,0.9949473,4.9474864e-05,4.932519e-05,0.0011269795,cnn_correct_svm_wrong
data/NEU-CLS/train/train/images/pitted_surface_175.jpg,pitted_surface,afb29b73d7fae466b00ad572d37ae5be308ccd91cf57c82309331ea58ebd3fa4,patches,pitted_surface,False,True,0.9332805,0.0013710493,0.00020189198,0.060418256,0.9332805,0.0033565718,0.00137166,cnn_correct_svm_wrong
data/NEU-CLS/train/train/images/pitted_surface_217.jpg,pitted_surface,6f1f26a6ace02993d898f43ca3e9d6d04bdbb8db1e7dac5d39129db0ec789791,inclusion,pitted_surface,False,True,0.5047421,0.00014141078,0.110658005,0.01611759,0.5047421,0.004154093,0.3641868,cnn_correct_svm_wrong
data/NEU-CLS/train/train/images/pitted_surface_223.jpg,pitted_surface,93674f451227f71e21513aece38ffbd9de074ff66434bc640c5be7d0e52d5d41,patches,pitted_surface,False,True,0.80382025,0.001269225,0.14564492,0.0030650988,0.80382025,0.010170969,0.03602957,cnn_correct_svm_wrong
data/NEU-CLS/train/train/images/pitted_surface_235.jpg,pitted_surface,a5dcbe35d37f72bd55b1d06e9c1bc2ad856bfd522a4c615f707b0257340c4727,inclusion,pitted_surface,False,True,0.41068664,0.00071095483,0.40253618,0.0026823494,0.41068664,0.0056705945,0.17771325,cnn_correct_svm_wrong
data/NEU-CLS/train/train/images/pitted_surface_299.jpg,pitted_surface,3f5cc6ab754ae9eea0ac28f797bdf7be4ca6d330791eb11361bd37a9e269f345,inclusion,pitted_surface,False,True,0.4576812,0.000323974,0.24267305,0.006648758,0.4576812,0.0054632337,0.28720972,cnn_correct_svm_wrong
data/NEU-CLS/train/train/images/pitted_surface_93.jpg,pitted_surface,a6a34a0c194e73d211c47ad1f48a399a6b91e7dc9b94522efd7b7d10a0c15f9d,patches,pitted_surface,False,True,0.83045626,0.0021736685,0.07323497,0.0071266745,0.83045626,0.024313688,0.062694706,cnn_correct_svm_wrong
data/NEU-CLS/train/train/images/scratches_18.jpg,scratches,fd74062b39027d7009e9e2c18575ee88b4bc910ccc33d5272473b116d812fae2,inclusion,scratches,False,True,0.56998956,0.0014359268,0.39011177,0.0004413445,0.036646735,0.0013746786,0.56998956,cnn_correct_svm_wrong
data/NEU-CLS/train/train/images/scratches_202.jpg,scratches,d9153ae832dedaf4c547586dd094f443100aa43f1027c5eaf648eee75050ec51,inclusion,scratches,False,True,0.7059062,0.00051120657,0.20645776,0.0026258053,0.08170067,0.002798328,0.7059062,cnn_correct_svm_wrong
data/NEU-CLS/train/train/images/scratches_34.jpg,scratches,4752971b7ad7b3b8d509d0b8c67eb8a683c8a5f95f62896cb25b6207a7fbdd05,inclusion,scratches,False,True,0.48424405,0.0008463123,0.4656683,0.00045929814,0.04716972,0.0016122875,0.48424405,cnn_correct_svm_wrong
data/NEU-CLS/train/train/images/scratches_60.jpg,scratches,0c8af0a11fea79c84b240ccaf15d1d958f67f1259ab66b6633e12c86e05c54df,inclusion,scratches,False,True,0.67404366,0.0017209582,0.25518307,0.0016628163,0.05642662,0.010962939,0.67404366,cnn_correct_svm_wrong
data/NEU-CLS/train/train/images/scratches_70.jpg,scratches,5e36d31d04d2f41d47ade42df79f55cc74d4a8c32e40c9316a1a0f08ffc50768,inclusion,scratches,False,True,0.5314501,0.0011695471,0.38807198,0.0014747465,0.07460441,0.0032292446,0.5314501,cnn_correct_svm_wrong
data/NEU-CLS/train/train/images/scratches_75.jpg,scratches,76e7b6a0047b0f68573828f4aa67453e3c515a7f93c7b67bfdcfe9eca518feb7,inclusion,scratches,False,True,0.59271157,0.00039713475,0.04009028,0.045101307,0.30694035,0.014759322,0.59271157,cnn_correct_svm_wrong
data/NEU-CLS/valid/valid/images/scratches_1.jpg,scratches,500c46e2f5d7065d8c492b0cfb36c3ba77a85a744079bf6453dfc85e02b97a3c,inclusion,scratches,False,True,0.56263256,0.0007329802,0.40967527,0.00022467761,0.025923707,0.0008108382,0.56263256,cnn_correct_svm_wrong
