repeat,delta_accuracy,delta_macro_f1
0,0.07500000000000007,0.07578499045341613
1,0.033333333333333326,0.03400824813387793
2,0.06944444444444453,0.06944034697437773
3,0.05555555555555547,0.055456892370677746
4,0.047222222222222276,0.04755782221557048
5,0.06388888888888888,0.06374999997772957
6,0.03888888888888897,0.04175494908370814
7,0.06666666666666665,0.06661578900855636
8,0.09166666666666667,0.09167483710544799
9,0.09722222222222221,0.0980266206909226
10,0.04166666666666663,0.04041309286224137
11,0.07500000000000007,0.07783456688334622
12,0.016666666666666607,0.015863416947984987
13,0.05277777777777781,0.05316223468010395
14,0.03888888888888897,0.03866011544373171
15,0.06944444444444442,0.06880336861759329
16,0.04166666666666663,0.043576808134632716
17,0.04999999999999993,0.05088186309397391
18,0.0444444444444444,0.044984916408247755
19,0.033333333333333326,0.03317487053775403
20,0.04166666666666663,0.04152425244055402
21,0.016666666666666607,0.017183940678198728
22,0.06666666666666665,0.06844448794767355
23,0.04444444444444451,0.0440449696668378
24,0.07499999999999996,0.07780180647718471
25,0.07222222222222219,0.07241580902012057
26,0.08611111111111114,0.08717469589447979
27,0.05277777777777781,0.05382460622932406
28,0.06944444444444442,0.07058141224693104
29,0.04166666666666663,0.041072293982784225
30,0.025000000000000022,0.025096091665608666
31,0.06388888888888888,0.06369845289772202
32,0.07777777777777772,0.07792595328464424
33,0.03888888888888897,0.0380217183262227
34,0.06944444444444442,0.07057091569153362
35,0.019444444444444486,0.01878760120041978
36,0.047222222222222276,0.04751092138460211
37,0.047222222222222165,0.04727578931568843
38,0.0805555555555556,0.08142586112015593
39,0.07499999999999996,0.07563031567599388
40,0.04166666666666663,0.04160907021276761
41,0.047222222222222165,0.04723974925962482
42,0.01388888888888895,0.014193320122893205
43,0.05833333333333335,0.05896698233174691
44,0.07499999999999996,0.07655545197583413
45,0.05833333333333324,0.05869669068900962
46,0.05555555555555558,0.056168048481459065
47,0.050000000000000044,0.050452094924617
48,0.03888888888888886,0.039779026990226285
49,0.07777777777777783,0.0783039343256926
50,0.07222222222222219,0.07223952360068508
51,0.05277777777777781,0.052841748079542894
52,0.05555555555555547,0.05585090288806516
53,0.05833333333333335,0.05841445940944645
54,0.061111111111111005,0.061275167842931966
55,0.04166666666666663,0.04182940574401994
56,0.05555555555555558,0.057983097976641584
57,0.08333333333333337,0.08471561316845366
58,0.036111111111111094,0.03606931478064679
59,0.07500000000000007,0.07461787894604266
60,0.08611111111111103,0.08653243776402297
61,0.06666666666666665,0.06708351917524535
62,0.05833333333333324,0.058376988404575836
63,0.05555555555555558,0.05636179238173711
64,0.09444444444444444,0.0942300773066892
65,0.04166666666666674,0.04267106623159567
66,0.03888888888888886,0.03973652111317483
67,0.05277777777777781,0.05260557766111529
68,0.07222222222222219,0.0731421730164652
69,0.061111111111111116,0.06108127337409197
70,0.050000000000000044,0.05047441285987153
71,0.08611111111111114,0.08778408855604292
72,0.05833333333333335,0.05871285744430743
73,0.03888888888888897,0.0401129956581141
74,0.05277777777777781,0.053377379645919154
75,0.05833333333333335,0.05904138082940846
76,0.07777777777777772,0.07740434818588149
77,0.061111111111111116,0.06266027933232976
78,0.06666666666666676,0.06730878431685927
79,0.061111111111111116,0.06168334195294978
80,0.04999999999999993,0.05201630660047074
81,0.06944444444444442,0.0709321149419011
82,0.09722222222222221,0.0979064071521647
83,0.047222222222222165,0.047367182364432714
84,0.06388888888888888,0.06387674142082544
85,0.036111111111111094,0.036764823821375026
86,0.04166666666666663,0.041356808957276
87,0.04999999999999993,0.0497672307219752
88,0.05833333333333335,0.058202857536552854
89,0.05277777777777781,0.05279402226846841
90,0.047222222222222165,0.04839974590459084
91,0.06666666666666665,0.06736816983123961
92,0.030555555555555558,0.030807546184488332
93,0.05277777777777781,0.05216387784629195
94,0.04999999999999993,0.0501037438250459
95,0.05833333333333335,0.05914103315265429
96,0.0527777777777777,0.053711114844562036
97,0.05833333333333335,0.06003424235239019
98,0.06944444444444442,0.07080083433818773
99,0.07777777777777772,0.07837722448741802
100,0.05833333333333335,0.05794069758530984
101,0.06388888888888888,0.06340841248804951
102,0.05833333333333324,0.05974469117707537
103,0.07777777777777783,0.07848364134919905
104,0.025000000000000022,0.02401809354234896
105,0.07777777777777783,0.08032679670283316
106,0.05833333333333335,0.0595824162930062
107,0.05833333333333335,0.05907008344234721
108,0.06666666666666665,0.06723721432612062
109,0.061111111111111116,0.06103967476575034
110,0.033333333333333326,0.032712801510143885
111,0.05833333333333335,0.05931112665082772
112,0.0888888888888889,0.0915156482131978
113,0.06944444444444442,0.0681679844375781
114,0.061111111111111005,0.060191729219829515
115,0.04166666666666663,0.04327588162585472
116,0.050000000000000044,0.04978546526110339
117,0.036111111111111094,0.03715130940113065
118,0.06666666666666665,0.0688279341654644
119,0.061111111111111116,0.06013909674068674
120,0.08611111111111114,0.08692387319550099
121,0.05833333333333335,0.058092498356563826
122,0.05555555555555558,0.05676775558858749
123,0.06388888888888888,0.06442958817886779
124,0.05833333333333335,0.059681840390967245
125,0.0805555555555556,0.08088032536673828
126,0.050000000000000044,0.05094421485931577
127,0.06388888888888888,0.0642977232217814
128,0.06944444444444453,0.07038936188851075
129,0.061111111111111116,0.06182123795597383
130,0.05833333333333335,0.057401046031198555
131,0.033333333333333326,0.03323261980322345
132,0.0805555555555556,0.08201246785420913
133,0.07500000000000007,0.0766607699207078
134,0.050000000000000044,0.05007597202554259
135,0.036111111111111094,0.03542359764205494
136,0.0444444444444444,0.044762281951808425
137,0.07499999999999996,0.07673614812099883
138,0.047222222222222165,0.04773726279955082
139,0.06666666666666665,0.06976541969306616
140,0.06388888888888888,0.0630897486098202
141,0.03888888888888886,0.03921604588974015
142,0.047222222222222165,0.04769650212651366
143,0.04999999999999993,0.05081749022864779
144,0.036111111111111094,0.03675660812240289
145,0.07499999999999996,0.07554786456995344
146,0.06388888888888888,0.06485861362475875
147,0.05277777777777781,0.0534394984669887
148,0.0805555555555556,0.08079463503346829
149,0.061111111111111116,0.06118840278660487
150,0.025000000000000022,0.024911616503641598
151,0.09166666666666667,0.09332542862465076
152,0.03888888888888886,0.038968186104484936
153,0.0805555555555556,0.08172859732084226
154,0.03888888888888886,0.038649875808011935
155,0.036111111111111094,0.03602303245649585
156,0.05833333333333335,0.05953608859374582
157,0.0527777777777777,0.05341115536890062
158,0.05555555555555558,0.05652496532187756
159,0.06944444444444442,0.06879566346553045
160,-0.008333333333333304,-0.009544523925465564
161,0.050000000000000044,0.051554097727323
162,0.05833333333333335,0.05850778149592095
163,0.06388888888888888,0.06400729129679661
164,0.061111111111111116,0.06105425640285689
165,0.05555555555555558,0.056798618555561675
166,0.050000000000000044,0.04996390031512232
167,0.06388888888888888,0.06425766123523113
168,0.04999999999999993,0.05136967930115255
169,0.01388888888888895,0.014303716880880835
170,0.01388888888888884,0.013987713568447191
171,0.033333333333333326,0.03344105128163766
172,0.061111111111111116,0.061432636400708174
173,0.0444444444444444,0.0446264108966542
174,0.04166666666666663,0.04139448216878927
175,0.0527777777777777,0.05338815599778146
176,0.07499999999999996,0.07538662469541058
177,0.0444444444444444,0.04432177508433954
178,0.04166666666666663,0.043612715776554345
179,0.061111111111111116,0.06193653596814719
180,0.07222222222222219,0.07160823392657345
181,0.047222222222222165,0.04773269601565722
182,0.061111111111111116,0.06122852152215641
183,0.036111111111111094,0.035758407393115976
184,0.061111111111111116,0.06115658935917534
185,0.03888888888888886,0.03941755865925678
186,0.05555555555555558,0.05647699112629223
187,0.030555555555555558,0.03035106638593188
188,0.050000000000000044,0.04870933333341698
189,0.036111111111111094,0.03623305160450618
190,0.04999999999999993,0.049752436891144725
191,0.04166666666666663,0.04037294438979189
192,0.05833333333333335,0.05945616824102817
193,0.03888888888888886,0.03959292727392594
194,0.06666666666666665,0.06600553401749798
195,0.0527777777777777,0.05442173818820428
196,0.047222222222222165,0.04798450285340483
197,0.05555555555555547,0.05670218273526739
198,0.022222222222222254,0.022719595963211825
199,0.0444444444444444,0.04523217212817365
200,0.030555555555555558,0.032102779368258005
201,0.07500000000000007,0.07569619017197649
202,0.047222222222222165,0.047797232910898546
203,0.061111111111111005,0.06046591068710627
204,0.0527777777777777,0.05322068931793922
205,0.05277777777777781,0.0532104615742236
206,0.05555555555555558,0.056319109258909705
207,0.04166666666666663,0.04220476907372894
208,0.030555555555555558,0.030448436184475902
209,0.05555555555555558,0.055775831977842305
210,0.04166666666666674,0.04095745496516079
211,0.0805555555555556,0.0815076737981868
212,0.047222222222222165,0.04685330911826047
213,0.05833333333333324,0.05869443253672557
214,0.061111111111111116,0.061477016627015435
215,0.06666666666666665,0.07037079201335827
216,0.06388888888888888,0.0641042537746106
217,0.06666666666666665,0.06679436354815038
218,0.033333333333333326,0.03332801791103024
219,0.04166666666666663,0.042573711870698805
220,0.03888888888888897,0.038183351318630265
221,0.06388888888888888,0.06442302237897035
222,0.0444444444444444,0.044752351387294054
223,0.036111111111111094,0.03522891338017997
224,0.061111111111111116,0.06174304186039081
225,0.05833333333333335,0.05790053212834023
226,0.047222222222222165,0.047602345224937115
227,0.06666666666666665,0.06636028401151695
228,0.07500000000000007,0.07510643431043063
229,0.05277777777777781,0.053920590210413843
230,0.036111111111111094,0.03756288997413215
231,0.061111111111111116,0.06118098250059145
232,0.05277777777777781,0.052163175483572854
233,0.08055555555555549,0.08102330295477356
234,0.061111111111111116,0.06183521762775879
235,0.050000000000000044,0.05077883273225925
236,0.047222222222222165,0.04850132050623679
237,0.036111111111111205,0.03692100215893124
238,0.06388888888888888,0.06327073477476874
239,0.07499999999999996,0.07464489859093415
240,0.07499999999999996,0.07495107547018132
241,0.0444444444444444,0.04544581857223673
242,0.03888888888888897,0.038257004061590605
243,0.0527777777777777,0.05377325222184359
244,0.0805555555555556,0.08181199394497507
245,0.05555555555555558,0.056703136412580624
246,0.05833333333333335,0.05796442685550529
247,0.061111111111111116,0.06291105358142202
248,0.050000000000000044,0.051354221278409495
249,0.05833333333333335,0.05825229273821819
250,0.0722222222222223,0.07277148390590782
251,0.047222222222222165,0.046701423999879754
252,0.06944444444444442,0.06927392891100026
253,0.0444444444444444,0.04471972635230448
254,0.03888888888888886,0.03814527325990191
255,0.050000000000000044,0.050090305511358735
256,0.036111111111111094,0.036927976682257446
257,0.03888888888888886,0.039483023489605085
258,0.06666666666666665,0.06703760694874872
259,0.036111111111111094,0.03571981402698832
260,0.04999999999999993,0.05112037764372113
261,0.0888888888888889,0.09171075711886845
262,0.0527777777777777,0.05302059295169759
263,0.030555555555555558,0.030467394477276977
264,0.06666666666666665,0.06617669462460685
265,0.05833333333333324,0.05920338198619379
266,0.0527777777777777,0.053396257923125745
267,0.05277777777777781,0.05311992536528343
268,0.06944444444444453,0.07086574149476899
269,0.05833333333333335,0.058062703468455656
270,0.06944444444444453,0.07063746162465712
271,0.07777777777777783,0.0782981725951597
272,0.06388888888888888,0.06461484523752048
273,0.05277777777777781,0.054315064161356785
274,0.07222222222222219,0.07259548499026325
275,0.09444444444444444,0.09666913414273692
276,0.04166666666666663,0.04103102951691029
277,0.09444444444444444,0.09565204349670475
278,0.05277777777777781,0.05279366784594275
279,0.08055555555555549,0.08102505458074827
280,0.050000000000000044,0.05016173947070346
281,0.05833333333333335,0.058864971832213286
282,0.05555555555555558,0.05542884029570638
283,0.030555555555555558,0.030822955492436632
284,0.06388888888888888,0.06476173863560875
285,0.05833333333333335,0.059292434502386526
286,0.06388888888888888,0.06338841523824823
287,0.05833333333333335,0.05933161050529079
288,0.022222222222222143,0.022073216163401854
289,0.0444444444444444,0.04531085093381049
290,0.050000000000000044,0.04975483218175736
291,0.06666666666666665,0.0672948802600919
292,0.06944444444444442,0.07034227163883344
293,0.05277777777777781,0.054265768143966886
294,0.03888888888888897,0.038912797628970375
295,0.0805555555555556,0.08237946503736393
296,0.06388888888888888,0.0647702655763267
297,0.036111111111111205,0.036832819936265415
298,0.061111111111111116,0.06192646703489857
299,0.033333333333333326,0.033094275423031894
300,0.025000000000000022,0.02452361451804852
301,0.08611111111111114,0.08719052269954441
302,0.05833333333333324,0.05808517373309485
303,0.06666666666666676,0.06700189570805382
304,0.047222222222222165,0.048325120323680526
305,0.033333333333333326,0.03324374215714432
306,0.05833333333333335,0.05962991695645259
307,0.0722222222222223,0.07175720662841867
308,0.02777777777777779,0.027893812620432445
309,0.06388888888888888,0.06328562460530962
310,0.05833333333333335,0.058024563797758
311,0.04166666666666663,0.04120240015615162
312,0.0444444444444444,0.04493068814708734
313,0.050000000000000044,0.050493579278950484
314,0.04166666666666674,0.041525489500078616
315,0.047222222222222165,0.04727728746370197
316,0.0722222222222223,0.0728251626105233
317,0.04166666666666674,0.04249181010162251
318,0.04166666666666663,0.04345803921462055
319,0.06944444444444442,0.0706987596587646
320,0.061111111111111116,0.06131671258220972
321,0.05277777777777781,0.052954472070601444
322,0.07777777777777772,0.07897570598421177
323,0.050000000000000044,0.050533065254166454
324,0.061111111111111116,0.062141654089693965
325,0.08611111111111114,0.0887426490067742
326,0.07222222222222219,0.07469299780578942
327,0.04999999999999993,0.05014541854765442
328,0.04166666666666663,0.0427847908200667
329,0.06388888888888888,0.0639254101189578
330,0.036111111111111094,0.03698621844317718
331,0.0444444444444444,0.045113234213843945
332,0.05555555555555558,0.05644195754658876
333,0.03888888888888897,0.03997639775281814
334,0.011111111111111072,0.011191760109473758
335,0.07499999999999996,0.07598214981732132
336,0.011111111111111183,0.010692109862793564
337,0.05833333333333335,0.059329371251204965
338,0.06944444444444453,0.07015214578210716
339,0.036111111111111094,0.03660196730211329
340,0.07222222222222219,0.07304161368536999
341,0.05555555555555558,0.05666312119883121
342,0.04166666666666663,0.04228536491257329
343,0.06388888888888888,0.06288206665946405
344,0.06388888888888888,0.0642891832096758
345,0.022222222222222254,0.022084766104249698
346,0.05555555555555558,0.05538856455662866
347,0.02777777777777768,0.027542527590978416
348,0.061111111111111116,0.06119526983752055
349,0.05555555555555558,0.05566249758648989
350,0.05833333333333335,0.057691788353245954
351,0.05555555555555547,0.05706061723683342
352,0.05833333333333335,0.05924659251620368
353,0.07500000000000007,0.0746810730293852
354,0.02777777777777768,0.02703226889411936
355,0.05833333333333335,0.05991603136921175
356,0.05833333333333335,0.05859866141615511
357,0.04444444444444451,0.04479922763898048
358,0.05555555555555558,0.05596878280389184
359,0.047222222222222276,0.04746469181661184
360,0.0444444444444444,0.04432081349346184
361,0.06388888888888888,0.06405515500944114
362,0.08611111111111114,0.08839357862199082
363,0.047222222222222165,0.048058204959077755
364,0.050000000000000044,0.05043661678017741
365,0.07499999999999996,0.07610828928700797
366,0.061111111111111116,0.06273131263578591
367,0.04166666666666674,0.04166651119347664
368,0.06388888888888888,0.06520827162293541
369,0.08611111111111114,0.08654101515286527
370,0.06666666666666665,0.06649442377227721
371,0.036111111111111094,0.03628594285740727
372,0.061111111111111116,0.06203416059326028
373,0.06666666666666665,0.06675358921632901
374,0.019444444444444375,0.02122159385250022
375,0.036111111111111094,0.03630872193343426
376,0.05277777777777781,0.05378552850623952
377,0.030555555555555558,0.030450543062846225
378,0.05277777777777781,0.052545272351043226
379,0.05277777777777781,0.0529889416291951
380,0.06666666666666665,0.06612225791052317
381,0.0444444444444444,0.04497822071157509
382,0.03888888888888886,0.03863923011333947
383,0.05555555555555558,0.05554670184505395
384,0.061111111111111116,0.06077190686560474
385,0.05555555555555558,0.0558619283315428
386,0.04166666666666674,0.04324557372934734
387,0.04999999999999993,0.049771841758423974
388,0.07777777777777772,0.07937051939704343
389,0.07777777777777783,0.07837633418430301
390,0.0722222222222223,0.07259668454072621
391,0.019444444444444375,0.018460851447006266
392,0.07777777777777772,0.07802693653876758
393,0.06388888888888888,0.06359911381564676
394,0.047222222222222165,0.04643021158326277
395,0.050000000000000044,0.049939892611166825
396,0.06388888888888888,0.06443294944148215
397,0.06944444444444442,0.06969154335364802
398,0.0527777777777777,0.05545533316631379
399,0.06388888888888888,0.0641001544289116
400,0.05833333333333335,0.05889411175908221
401,0.025000000000000022,0.02561014548512197
402,0.06666666666666665,0.06711658251494379
403,0.04166666666666663,0.04172943758634973
404,0.04166666666666663,0.042322497292367256
405,0.04444444444444451,0.04450633117294067
406,0.050000000000000044,0.048739871300747195
407,0.036111111111111094,0.036280627093975726
408,0.05277777777777781,0.053011778249332786
409,0.01666666666666672,0.016547903157539956
410,0.05555555555555547,0.0544959943173875
411,0.02777777777777768,0.027934629968930147
412,0.03888888888888886,0.03971521730741967
413,0.05555555555555558,0.055319907597693896
414,0.047222222222222276,0.046639648215925256
415,0.06388888888888888,0.06466811304053355
416,0.0444444444444444,0.04412953037011402
417,0.0444444444444444,0.043924163871984945
418,0.061111111111111116,0.06211557476485341
419,0.04166666666666674,0.04125317060389111
420,0.05277777777777781,0.052723558204981646
421,0.05833333333333335,0.05860535610980211
422,0.05277777777777781,0.05402876403353818
423,0.047222222222222276,0.04827501409687507
424,0.04999999999999993,0.051015379608795874
425,0.05555555555555558,0.056480674453018964
426,0.04166666666666674,0.042806185163375976
427,0.047222222222222165,0.047524492012281705
428,0.05277777777777781,0.053934926518329984
429,0.07499999999999996,0.0768656699917456
430,0.06944444444444442,0.06932815659174618
431,0.07777777777777783,0.07911771758678632
432,0.04444444444444451,0.04438010921809632
433,0.06388888888888888,0.06510002627544131
434,0.050000000000000044,0.050556967219298476
435,0.06388888888888888,0.0638976948576141
436,0.036111111111111094,0.03616558196398045
437,0.06388888888888888,0.06497342182345667
438,0.02777777777777779,0.027919200100178454
439,0.047222222222222165,0.04781942746039103
440,0.036111111111111094,0.03596199472152162
441,0.05555555555555547,0.054718411895095076
442,0.047222222222222276,0.04714692753490113
443,0.036111111111111094,0.03653159282133034
444,0.04166666666666663,0.042135016617247834
445,0.06944444444444442,0.071193213392159
446,0.030555555555555558,0.031670248434824355
447,0.05833333333333335,0.05973755532672498
448,0.050000000000000044,0.05033830569712627
449,0.036111111111111094,0.03635638596506918
450,0.07222222222222219,0.0730906389444047
451,0.025000000000000022,0.02525184969523797
452,0.05833333333333324,0.05888790191295834
453,0.061111111111111005,0.06359151131107954
454,0.036111111111111094,0.03742150431916935
455,0.02777777777777768,0.028105585009659095
456,0.05277777777777781,0.05265782287308973
457,0.0527777777777777,0.05215988085995815
458,0.06666666666666665,0.06722667918241843
459,0.061111111111111116,0.06264747518924485
460,0.0444444444444444,0.04474644738120992
461,0.0444444444444444,0.044807672219901895
462,0.0444444444444444,0.04477369162156286
463,0.061111111111111116,0.05987273094819845
464,0.06388888888888888,0.06471901460721419
465,0.0527777777777777,0.05454844931987246
466,0.05555555555555558,0.05591193836716568
467,0.0888888888888889,0.08931327354325425
468,0.05555555555555558,0.05582297398839342
469,0.050000000000000044,0.049375034388628
470,0.036111111111111094,0.03571405038494124
471,0.05555555555555558,0.0559930617790565
472,0.036111111111111094,0.037587787599161704
473,0.06666666666666665,0.06956829561474376
474,0.033333333333333326,0.03324267418514959
475,0.05277777777777781,0.052286670213241515
476,0.061111111111111116,0.061189339367927476
477,0.06944444444444442,0.07075058338911044
478,0.05555555555555558,0.055388368292956236
479,0.047222222222222276,0.046886239562374143
480,0.06388888888888888,0.06430824050219763
481,0.04166666666666663,0.04202533663940977
482,0.04166666666666663,0.04268222848000758
483,0.06666666666666665,0.06769549838357625
484,0.033333333333333326,0.03426379338483976
485,0.05833333333333335,0.05937382061004026
486,0.0444444444444444,0.045900732729135196
487,0.06944444444444442,0.07005111919998663
488,0.03888888888888897,0.03958357832295001
489,0.06388888888888888,0.06473415575458696
490,0.05277777777777781,0.05299373428920662
491,0.05555555555555558,0.054498953685703344
492,0.07777777777777783,0.07778314678942211
493,0.019444444444444486,0.018791128047526806
494,0.05833333333333335,0.058794055061663575
495,0.05277777777777781,0.051443449325380586
496,0.04166666666666663,0.04236885934335455
497,0.030555555555555558,0.030938597807155466
498,0.047222222222222165,0.047164395613665255
499,0.047222222222222276,0.048058278661164744
500,0.05833333333333335,0.060257732898035266
501,0.036111111111111094,0.03681922368235513
502,0.07222222222222219,0.07240798005515459
503,0.03888888888888886,0.03874972035710167
504,0.06944444444444442,0.06944885593625083
505,0.05555555555555547,0.05496743386548486
506,0.047222222222222276,0.04757901942893139
507,0.025000000000000022,0.025937623156729206
508,0.061111111111111116,0.06225525529234688
509,0.030555555555555447,0.03099282314827323
510,0.0722222222222223,0.07419191367290279
511,0.05833333333333324,0.0577261079752891
512,0.050000000000000044,0.048748309204678986
513,0.01388888888888895,0.014188490885218452
514,0.03888888888888897,0.03933065024037896
515,0.050000000000000044,0.05053589089656585
516,0.050000000000000044,0.05038598419990348
517,0.04166666666666663,0.04161374173991461
518,0.05277777777777781,0.05409630312742031
519,0.04166666666666674,0.04121474627482913
520,0.030555555555555558,0.03047311719933754
521,0.047222222222222276,0.046111645759293385
522,0.07222222222222219,0.0715778236698954
523,0.061111111111111116,0.06196906790632939
524,0.04444444444444451,0.044375321995365646
525,0.07499999999999996,0.07464560844967205
526,0.06944444444444442,0.07032327253715132
527,0.06944444444444442,0.06820172576443795
528,0.06666666666666665,0.06728322800711772
529,0.047222222222222165,0.04998980050222568
530,0.033333333333333326,0.03412549693604838
531,0.011111111111111072,0.011551364889843874
532,0.06388888888888888,0.06459565198863704
533,0.08333333333333326,0.08413001161939648
534,0.05555555555555558,0.05455760841011992
535,0.04999999999999993,0.05086224016670482
536,0.05833333333333324,0.0593104898329152
537,0.033333333333333326,0.03321496538788171
538,0.036111111111111094,0.036392310165428876
539,0.050000000000000044,0.05089978221941538
540,0.036111111111111094,0.03631614265585581
541,0.06388888888888888,0.06405151185460678
542,0.050000000000000044,0.05012148817588513
543,0.05833333333333335,0.059015263010646635
544,0.061111111111111116,0.061271450997310795
545,0.06666666666666676,0.06635192952271529
546,0.04166666666666663,0.04114344040861817
547,0.01388888888888895,0.01412470910588437
548,0.08333333333333337,0.08440041572636092
549,0.04166666666666663,0.041853587101421175
550,0.050000000000000044,0.05076707725405305
551,0.06666666666666665,0.06740997739515708
552,0.030555555555555558,0.030985166266226716
553,0.050000000000000044,0.05005277448987955
554,0.030555555555555558,0.03081345969145899
555,0.05833333333333335,0.05829654776246607
556,0.0888888888888888,0.08951566484294249
557,0.022222222222222254,0.022263628784226053
558,0.008333333333333304,0.008756318761499848
559,0.04444444444444451,0.04571124930722448
560,0.07222222222222219,0.0719245873315657
561,0.05555555555555558,0.05645936440554067
562,0.061111111111111116,0.062022919899462736
563,0.036111111111111094,0.03678341993900569
564,0.05833333333333335,0.0593159154932833
565,0.04166666666666663,0.04494941439186917
566,0.05555555555555558,0.05631054537848623
567,0.03888888888888886,0.04071343857649867
568,0.06388888888888888,0.06364110025368075
569,0.033333333333333326,0.033896505994834736
570,0.06388888888888888,0.06400375357291599
571,0.061111111111111116,0.0613193177185174
572,0.05555555555555558,0.05469543500656027
573,0.05555555555555558,0.05476104823744021
574,0.04166666666666663,0.0420371029176847
575,0.05277777777777781,0.05285745771128614
576,0.05277777777777781,0.05431939439873301
577,0.02777777777777779,0.027518102105143494
578,0.04166666666666663,0.041172597901248276
579,0.033333333333333326,0.033496319507623995
580,0.09166666666666667,0.09332596785707947
581,0.06666666666666665,0.06845707261839495
582,0.02499999999999991,0.025138108947888482
583,0.025000000000000022,0.02546337635649598
584,0.03888888888888897,0.03899654268593078
585,0.03888888888888886,0.03863470292764504
586,0.047222222222222165,0.048906862188048184
587,0.047222222222222165,0.046915216363370704
588,0.03888888888888886,0.038530215943547
589,0.07222222222222219,0.0729688084575223
590,0.06944444444444442,0.07064623411373427
591,0.0527777777777777,0.053277152406735806
592,0.05833333333333335,0.05877568859119098
593,0.05833333333333335,0.05883284786200582
594,0.0527777777777777,0.053992845923225286
595,0.036111111111111094,0.035015686622028364
596,0.06388888888888888,0.0644904563108315
597,0.036111111111111205,0.036195271453283606
598,0.06666666666666676,0.06794630148830438
599,0.0722222222222223,0.0729118408079299
600,0.061111111111111116,0.0612696261265987
601,0.047222222222222276,0.04859030872529768
602,0.022222222222222254,0.022164209704123472
603,0.022222222222222143,0.022208344101804833
604,0.04166666666666663,0.042621575146289614
605,0.04166666666666674,0.04231232452178024
606,0.06388888888888888,0.06481561728800989
607,0.0444444444444444,0.0443649847259775
608,0.06944444444444442,0.06977044003815969
609,0.0,-0.0007577937008260704
610,0.07777777777777772,0.07772478275527384
611,0.0444444444444444,0.046061920318659744
612,0.07222222222222219,0.07273390057542828
613,0.047222222222222165,0.048145616192406204
614,0.06666666666666665,0.06744086500123181
615,0.05833333333333324,0.059117502843110126
616,0.02777777777777768,0.027958702681417313
617,0.04166666666666663,0.0416335498294792
618,0.04166666666666663,0.04212272449956478
619,0.033333333333333326,0.03483794486748715
620,0.036111111111111094,0.0375924307027341
621,0.06944444444444453,0.07055889586564745
622,0.05555555555555558,0.057168410100270184
623,0.06666666666666665,0.06661336810498675
624,0.036111111111111094,0.03643570671059693
625,0.05277777777777781,0.0519577489403954
626,0.030555555555555558,0.031516820265305334
627,0.036111111111111094,0.037254746067629685
628,0.061111111111111116,0.06101740035972991
629,0.05555555555555558,0.05676457770855059
630,0.05833333333333335,0.058791109464236935
631,0.06666666666666676,0.0684910026991028
632,0.09166666666666667,0.09254343995681746
633,0.047222222222222165,0.048005379332541676
634,0.05555555555555558,0.057272587730855196
635,0.04166666666666663,0.04115552177249493
636,0.05277777777777781,0.05357330469459587
637,0.061111111111111116,0.06322714791933448
638,0.05277777777777781,0.052779737327139364
639,0.033333333333333326,0.03537801251056438
640,0.08333333333333326,0.08596811381313829
641,0.06944444444444442,0.06902119136784224
642,0.061111111111111116,0.060985158083690205
643,0.06388888888888888,0.0642446634171514
644,0.061111111111111116,0.060898434867354245
645,0.05555555555555558,0.05711495962366919
646,0.06666666666666665,0.06747542136678963
647,0.06388888888888888,0.06534884655412876
648,0.05833333333333335,0.05909487040579542
649,0.030555555555555558,0.029828283937398226
650,0.0527777777777777,0.05286470520021502
651,0.011111111111111072,0.01025878548741821
652,0.04166666666666674,0.04146429825374387
653,0.02777777777777768,0.02806079518896376
654,0.0888888888888889,0.08938849377308344
655,0.05277777777777781,0.052376468513063656
656,0.0444444444444444,0.04517740184190766
657,0.06944444444444453,0.07085705150379318
658,0.05277777777777781,0.0531494590527819
659,0.0444444444444444,0.04401438550471415
660,0.04166666666666674,0.04167921732124402
661,0.033333333333333326,0.03355962628934395
662,0.07777777777777783,0.0789548679135409
663,0.07222222222222219,0.07270220314403975
664,0.0805555555555556,0.07981083029148739
665,0.04444444444444451,0.04606171171828133
666,0.10555555555555551,0.10794654880895593
667,0.04166666666666663,0.04287422301072108
668,0.005555555555555647,0.005595472244871558
669,0.06388888888888888,0.06547794926654593
670,0.06388888888888888,0.06576973286035726
671,0.07499999999999996,0.07548034062089959
672,0.050000000000000044,0.050471812446407194
673,0.08333333333333337,0.08427035891077483
674,0.02777777777777779,0.027466058512438662
675,0.05833333333333335,0.059142547142462365
676,0.06666666666666665,0.06790200430037108
677,0.05833333333333324,0.05822236612994114
678,0.036111111111111094,0.037174026894707946
679,0.030555555555555558,0.030992424215939618
680,0.06666666666666665,0.06747497115506884
681,0.0527777777777777,0.053324558444337034
682,0.033333333333333326,0.03482022911135774
683,0.0444444444444444,0.045583485280946245
684,0.030555555555555558,0.030658366576927998
685,0.061111111111111116,0.0617840202833545
686,0.030555555555555447,0.030055181045540502
687,0.033333333333333326,0.033877570928739664
688,0.04166666666666674,0.042299972629661564
689,0.06666666666666665,0.06598976507148402
690,0.06666666666666665,0.06683592676712413
691,0.025000000000000022,0.025709593683203247
692,0.030555555555555558,0.03056193582657185
693,0.04166666666666663,0.04146541349135413
694,0.036111111111111094,0.03569679748597121
695,0.07499999999999996,0.07527912761838473
696,0.05555555555555558,0.05576751438070149
697,0.050000000000000044,0.050286050828482254
698,0.0722222222222223,0.07335683991267039
699,0.061111111111111116,0.061034681666738644
700,0.047222222222222276,0.048391294455101486
701,0.04166666666666674,0.04209905723715235
702,0.016666666666666607,0.016585085052940096
703,0.05555555555555547,0.05629472841395078
704,0.05555555555555558,0.05588369555745554
705,0.07500000000000007,0.07722102597505964
706,0.06944444444444442,0.06811180695210806
707,0.02499999999999991,0.02504960602590045
708,0.036111111111111094,0.03515607560320877
709,0.06944444444444442,0.07206134672509412
710,0.07499999999999996,0.07585799381472225
711,0.0444444444444444,0.04603128001747847
712,0.06944444444444442,0.07067403724797428
713,0.07777777777777772,0.07684248387177894
714,0.06666666666666665,0.06824238454978471
715,0.033333333333333326,0.03326729291766317
716,0.09166666666666667,0.09193843700360194
717,0.06388888888888888,0.06409764396102835
718,0.06666666666666665,0.0681455061148526
719,0.047222222222222276,0.04713665704601544
720,0.06666666666666665,0.06714619047393766
721,0.019444444444444486,0.019031532280750052
722,0.07499999999999996,0.07496351908263821
723,0.02777777777777779,0.027852547211214884
724,0.0444444444444444,0.04421102023954693
725,0.061111111111111116,0.06214182917270383
726,0.022222222222222254,0.0220832063958597
727,0.030555555555555558,0.030698869441170173
728,0.047222222222222276,0.04731868115449234
729,0.08611111111111114,0.08652627677316282
730,0.07499999999999996,0.07596598787866093
731,0.04166666666666663,0.04266721341494384
732,0.06944444444444442,0.06947924094656699
733,0.047222222222222165,0.04845655409378047
734,0.04166666666666663,0.04078193360041682
735,0.05555555555555558,0.055197897157903686
736,0.07499999999999996,0.07568328483375819
737,0.04166666666666663,0.04267752533204727
738,0.06944444444444442,0.07073145339693343
739,0.047222222222222276,0.04764771696461967
740,0.07777777777777772,0.07746998190766452
741,0.07222222222222219,0.07351504733218295
742,0.033333333333333326,0.033427237858237535
743,0.033333333333333326,0.03352299778216972
744,0.06944444444444453,0.07067758776582012
745,0.05555555555555547,0.054906724624962155
746,0.061111111111111116,0.06267094391044392
747,0.06944444444444442,0.06832163207417419
748,0.04166666666666663,0.04289860472087126
749,0.033333333333333326,0.03442084946536672
750,0.03888888888888886,0.03911099319522149
751,0.06944444444444453,0.07271566942165997
752,0.061111111111111116,0.06222108872163701
753,0.04999999999999993,0.050802688231006865
754,0.05555555555555558,0.056435097350232555
755,0.07500000000000007,0.07438979634808784
756,0.061111111111111116,0.06227571520645592
757,0.05555555555555558,0.056516884561875425
758,0.0722222222222223,0.07282173309286522
759,0.061111111111111116,0.061359574471603895
760,0.05833333333333335,0.05855734124783074
761,0.033333333333333326,0.03357639496638276
762,0.0444444444444444,0.044559328008957344
763,0.06666666666666665,0.06696917586426643
764,0.05277777777777781,0.054304636052486366
765,0.05833333333333335,0.059120481215283016
766,0.06666666666666665,0.06815583766824107
767,0.036111111111111094,0.036941397855607905
768,0.04999999999999993,0.05074773921039388
769,0.033333333333333326,0.03308453997217864
770,0.036111111111111094,0.037343096678272736
771,0.06666666666666665,0.06703926708590635
772,0.05833333333333324,0.058440256629537335
773,0.05555555555555558,0.055819740202360135
774,0.04166666666666663,0.04073435401384773
775,0.047222222222222276,0.04783007130848993
776,0.033333333333333326,0.032855750474861
777,0.036111111111111094,0.03600506843229623
778,0.06666666666666665,0.06717560201222972
779,0.05833333333333335,0.05875029540703014
780,0.05555555555555558,0.05445983402308707
781,0.05555555555555558,0.05573049834372801
782,0.050000000000000044,0.05059425959475039
783,0.04999999999999993,0.05004433819077425
784,0.05833333333333335,0.05849604381030393
785,0.06388888888888888,0.06486580212507675
786,0.04166666666666674,0.041273860580950394
787,0.05555555555555547,0.05488547433442181
788,0.05277777777777781,0.05193888300070337
789,0.036111111111111094,0.03593628181272612
790,0.061111111111111116,0.06113382246754595
791,0.036111111111111094,0.0363871983204902
792,0.0444444444444444,0.0448199254620536
793,0.02777777777777779,0.02802111120003392
794,0.047222222222222165,0.046294011115908695
795,0.02777777777777779,0.02771123519441765
796,0.019444444444444375,0.019846287030044985
797,0.05555555555555558,0.05628620596128331
798,0.05555555555555547,0.05586105945706965
799,0.019444444444444375,0.01900109976142328
800,0.047222222222222165,0.04648076926014222
801,0.016666666666666607,0.016611528260073727
802,0.04166666666666663,0.04244699747770653
803,0.01388888888888895,0.013866853308481364
804,0.06388888888888888,0.0641900806661253
805,0.06944444444444442,0.07061096192871241
806,0.05833333333333335,0.0573599860513041
807,0.0888888888888889,0.08989032584801127
808,0.06666666666666665,0.0675521811137414
809,0.07222222222222219,0.07149506092914071
810,0.06666666666666676,0.06730561563349413
811,0.07222222222222219,0.07237360639655732
812,0.04166666666666663,0.04283960262317377
813,0.033333333333333326,0.03385148286550821
814,0.05277777777777781,0.05199368128213111
815,0.05277777777777781,0.052952614567366774
816,0.05833333333333335,0.058101527236313455
817,0.06666666666666665,0.06709919565395728
818,0.05833333333333335,0.058568209409882166
819,0.047222222222222165,0.04777163972817122
820,0.06388888888888888,0.0649071801324419
821,0.03888888888888886,0.03925919869069305
822,0.061111111111111005,0.06211658895117789
823,0.05833333333333335,0.05909553282152846
824,0.05833333333333324,0.05870146423489864
825,0.05833333333333335,0.058799663763762
826,0.04166666666666663,0.04093437085952578
827,0.033333333333333326,0.03259767772355493
828,0.030555555555555558,0.030426408116816628
829,0.06388888888888888,0.06445215065315502
830,0.030555555555555558,0.031162479029378076
831,0.0527777777777777,0.05326984948340541
832,0.07222222222222219,0.07365186694774017
833,0.04999999999999993,0.050394731011022875
834,0.05833333333333335,0.0590411672853024
835,0.03888888888888897,0.03955236670269924
836,0.061111111111111116,0.06198441599735505
837,0.06666666666666665,0.06899463558551755
838,0.061111111111111116,0.061953644390209006
839,0.0444444444444444,0.04422160990548041
840,0.06944444444444442,0.07020943259572987
841,0.036111111111111094,0.03523584824044901
842,0.04166666666666663,0.04213767037618377
843,0.036111111111111094,0.03668775987700423
844,0.04444444444444451,0.044465329828091815
845,0.05833333333333335,0.058719496787277725
846,0.030555555555555558,0.030955139512702234
847,0.05555555555555558,0.05677609645632942
848,0.05555555555555558,0.057045356056876884
849,0.06944444444444453,0.0695913549444116
850,0.08611111111111114,0.08639213035239202
851,0.036111111111111094,0.03625743227764433
852,0.02777777777777768,0.02841568011675011
853,0.047222222222222165,0.048331488482498686
854,0.02499999999999991,0.024276757267254978
855,0.030555555555555558,0.030606795146249532
856,0.047222222222222165,0.047059575134071885
857,0.061111111111111116,0.061705827362839694
858,0.0444444444444444,0.04477003674337077
859,0.036111111111111094,0.03632941052833316
860,0.061111111111111116,0.06130793650579047
861,0.06666666666666665,0.06640203018921698
862,0.05833333333333335,0.05939877405576088
863,0.050000000000000044,0.05065354204269423
864,0.047222222222222165,0.04631305941844133
865,0.033333333333333326,0.033515115317381605
866,0.036111111111111094,0.035781713102327584
867,0.047222222222222276,0.04689877461192704
868,0.08333333333333326,0.0848288348306766
869,0.033333333333333326,0.03397826568099083
870,0.08611111111111114,0.08618927896460826
871,0.061111111111111116,0.06310214099139932
872,0.05833333333333335,0.058402789202231076
873,0.04444444444444451,0.04502367418727582
874,0.030555555555555558,0.0307443839403575
875,0.036111111111111094,0.035712817259538565
876,0.04444444444444451,0.044266211850071846
877,0.05555555555555558,0.05571721735275781
878,0.07777777777777783,0.0773590160302553
879,0.03888888888888897,0.03818872495723269
880,0.06388888888888888,0.0638382724309069
881,0.06666666666666665,0.0681745580659443
882,0.0444444444444444,0.04447950967136416
883,0.07499999999999996,0.07508249636636
884,0.06666666666666665,0.06715798083599289
885,0.0805555555555556,0.08068574508860915
886,0.05555555555555547,0.0567772926035075
887,0.04444444444444451,0.04430958350676395
888,0.04166666666666663,0.042497686649299427
889,0.047222222222222276,0.047815620396829295
890,0.07777777777777772,0.07835562544694408
891,0.08611111111111114,0.08759682792766443
892,0.03888888888888897,0.04020529181054855
893,0.04166666666666663,0.043786999230046586
894,0.06666666666666665,0.06673483121417823
895,0.05555555555555547,0.05692031687627852
896,0.05277777777777781,0.05367598406576768
897,0.06666666666666665,0.06781269278965718
898,0.050000000000000044,0.049656780044584514
899,0.06388888888888888,0.06431202538415892
900,0.04166666666666674,0.040844184708973
901,0.047222222222222165,0.04752236137011623
902,0.05833333333333324,0.05885374514046671
903,0.06944444444444453,0.07060725419650471
904,0.04166666666666663,0.0408904463407227
905,0.04999999999999993,0.05195628285024734
906,0.05833333333333335,0.06057877485085539
907,0.047222222222222165,0.047652094656053356
908,0.06388888888888888,0.06503810471334837
909,0.08611111111111114,0.08570592356410767
910,0.061111111111111116,0.062301802076262014
911,0.06666666666666676,0.06776634852196883
912,0.05833333333333335,0.059016906979604156
913,0.05833333333333335,0.059239191700475424
914,0.047222222222222165,0.04710405200725942
915,0.05833333333333335,0.05936616665669081
916,0.08611111111111114,0.0859379910538689
917,0.047222222222222276,0.048928523026191995
918,0.03888888888888897,0.038099234216051325
919,0.04999999999999993,0.052166285443771665
920,0.047222222222222165,0.04805832761123596
921,0.05833333333333324,0.058535905756203155
922,0.04166666666666674,0.042317994649932245
923,0.07222222222222219,0.07243830274366225
924,0.061111111111111116,0.06202076362536346
925,0.04166666666666663,0.04163762309865049
926,0.05277777777777781,0.05343256411445274
927,0.03888888888888886,0.038584070327241426
928,0.05833333333333335,0.06056958181297112
929,0.06388888888888888,0.06418227337805926
930,0.061111111111111116,0.06332776184770961
931,0.06388888888888888,0.06445365953372795
932,0.06388888888888888,0.0638514185374004
933,0.0527777777777777,0.05271889105254357
934,0.07777777777777783,0.07713974112003252
935,0.061111111111111005,0.061943118861549684
936,0.0444444444444444,0.0457415865709605
937,0.036111111111111094,0.03658445470491367
938,0.07222222222222219,0.07277935034081229
939,0.05555555555555558,0.05711870670357588
940,0.033333333333333326,0.033265946222855836
941,0.06944444444444442,0.07128819515562368
942,0.05555555555555547,0.05675760815139619
943,0.04166666666666674,0.04122882217802004
944,0.05833333333333324,0.05947144300348428
945,0.0805555555555556,0.08129233805233116
946,0.05555555555555547,0.056791222343068326
947,0.047222222222222165,0.04740650060372609
948,0.05277777777777781,0.053632657145863405
949,0.03888888888888886,0.0390852990397168
950,0.06944444444444442,0.0692402074330305
951,0.06944444444444442,0.0703707342773261
952,0.03888888888888886,0.03942967151395038
953,0.061111111111111116,0.061989785524642294
954,0.08333333333333337,0.08337066126569959
955,0.07499999999999996,0.07666003156286716
956,0.03888888888888886,0.03831487162050995
957,0.0527777777777777,0.05344818192568923
958,0.05833333333333335,0.05872103222617231
959,0.06944444444444442,0.07102271259311765
960,0.04999999999999993,0.04964303974289874
961,0.06666666666666665,0.06818020764188937
962,0.05833333333333335,0.05816902453079509
963,0.07222222222222219,0.07322089894027661
964,0.03888888888888886,0.04028682590282662
965,0.05833333333333335,0.059009430515423844
966,0.06666666666666665,0.06802495573958645
967,0.016666666666666607,0.01707152992678751
968,0.06666666666666665,0.06693774349616799
969,0.019444444444444486,0.018050469140895586
970,0.05277777777777781,0.053392674060670164
971,0.06944444444444442,0.0699704776147253
972,0.04166666666666663,0.04103133506290846
973,0.04166666666666674,0.041744417427372005
974,0.05833333333333324,0.059957520259612096
975,0.04444444444444451,0.0449985904937924
976,0.05833333333333335,0.05876645165589911
977,0.06944444444444453,0.07199807959945992
978,0.02777777777777779,0.027430760786884778
979,0.09444444444444444,0.09647600728304995
980,0.06388888888888888,0.06422280936502467
981,0.05277777777777781,0.04970207419129502
982,0.030555555555555558,0.030160302613945755
983,0.030555555555555558,0.031167431150740388
984,0.0527777777777777,0.054041547750120045
985,0.06388888888888888,0.06378513606634817
986,0.05833333333333335,0.061972428151415127
987,0.07222222222222219,0.07302321243622845
988,0.04166666666666663,0.04197042008864438
989,0.02499999999999991,0.024944339730271547
990,0.036111111111111094,0.03742424758703189
991,0.04999999999999993,0.05116302092856995
992,0.03888888888888886,0.03928599379047959
993,0.04444444444444451,0.0439198113282574
994,0.05555555555555558,0.055346866405306505
995,0.06388888888888888,0.06375244248183065
996,0.036111111111111094,0.035782649163819236
997,0.061111111111111116,0.06185188431394473
998,0.07777777777777783,0.07850834623649217
999,0.022222222222222143,0.021351202758624233
1000,0.03888888888888886,0.04038681548578049
1001,0.07500000000000007,0.07586451072105593
1002,0.030555555555555558,0.030586807903686952
1003,0.09444444444444444,0.09497635904447
1004,0.06666666666666665,0.06624711323024735
1005,0.04444444444444451,0.04435458804356751
1006,0.036111111111111205,0.03643743897728524
1007,0.06944444444444442,0.07071355369907018
1008,0.05833333333333324,0.05872771157669521
1009,0.061111111111111116,0.06165618157911934
1010,0.050000000000000044,0.05083122786321659
1011,0.025000000000000022,0.02445181169577959
1012,0.07499999999999996,0.07489409887109666
1013,0.08333333333333337,0.08402628707961768
1014,0.05277777777777781,0.05262626321948349
1015,0.05833333333333324,0.059703598203620145
1016,0.047222222222222165,0.04772203197367231
1017,0.047222222222222276,0.04746560191112448
1018,0.05277777777777781,0.05350663491392138
1019,0.07777777777777783,0.07767513981531216
1020,0.047222222222222165,0.04778808678622559
1021,0.05555555555555558,0.055075287570753306
1022,0.061111111111111116,0.06154847225589233
1023,0.08055555555555549,0.08229078941351387
1024,0.061111111111111116,0.06144326955142565
1025,0.06388888888888888,0.06448715041994613
1026,0.047222222222222276,0.048669175174232526
1027,0.06944444444444442,0.0695527371057848
1028,0.0444444444444444,0.044511098393858806
1029,0.09722222222222221,0.09819610583476301
1030,0.030555555555555558,0.030555894485694624
1031,0.047222222222222276,0.04743870743000844
1032,0.033333333333333326,0.03376997818870786
1033,0.047222222222222165,0.046560908801709266
1034,0.047222222222222276,0.04759138697653831
1035,0.05833333333333335,0.060054294539029884
1036,0.022222222222222254,0.021869064097719937
1037,0.005555555555555536,0.0058523492942837985
1038,0.05833333333333324,0.059223271371015684
1039,0.07222222222222219,0.07366994006760386
1040,0.05833333333333335,0.05798135840033558
1041,0.05833333333333335,0.060910843182786056
1042,0.07499999999999996,0.07582051937561429
1043,0.06666666666666665,0.06844173659690445
1044,0.06944444444444442,0.06961572783523584
1045,0.02777777777777779,0.028035765927274303
1046,0.047222222222222165,0.04679464834862679
1047,0.04166666666666674,0.042304064203696146
1048,0.05555555555555558,0.05516617359473619
1049,0.047222222222222165,0.04875928234364468
1050,0.03888888888888886,0.03959444329314321
1051,0.05555555555555547,0.05616941190922031
1052,0.05555555555555558,0.055953539931202
1053,0.05555555555555558,0.05610345592536625
1054,0.0805555555555556,0.08271311865204967
1055,0.05833333333333335,0.05861738186087406
1056,0.0444444444444444,0.044570975098366494
1057,0.05555555555555558,0.05504738788842356
1058,0.06944444444444442,0.07148559917620745
1059,0.06944444444444442,0.06859023362213235
1060,0.04999999999999993,0.05033890887533354
1061,0.05277777777777781,0.05316582666254488
1062,0.08333333333333337,0.08308381387164065
1063,0.07222222222222219,0.0723865927657441
1064,0.05555555555555558,0.055369073265586155
1065,0.061111111111111116,0.061261948552302825
1066,0.005555555555555647,0.004068562429338507
1067,0.05277777777777781,0.05249408230518271
1068,0.06388888888888888,0.06604153784012212
1069,0.033333333333333326,0.03314130211560251
1070,0.06388888888888888,0.06590135978015055
1071,0.0444444444444444,0.04513075579739134
1072,0.04166666666666674,0.04219570033496434
1073,0.05833333333333335,0.05882332567730697
1074,0.030555555555555558,0.03244760093717247
1075,0.036111111111111094,0.03512033558851779
1076,0.06388888888888888,0.06402605741010148
1077,0.05833333333333335,0.058043811582268345
1078,0.047222222222222165,0.046334699266029955
1079,0.05555555555555558,0.0568004506930363
1080,0.047222222222222165,0.0477738421152718
1081,0.036111111111111094,0.036573465716962295
1082,0.07777777777777772,0.078602512781077
1083,0.01666666666666672,0.01804509639591312
1084,0.05277777777777781,0.05356282105099097
1085,0.0527777777777777,0.05259041685113619
1086,0.07777777777777783,0.07881461678204915
1087,0.036111111111111094,0.036919233546651276
1088,0.03888888888888886,0.04076143921191444
1089,0.07499999999999996,0.07651516962520433
1090,0.025000000000000022,0.02512551413566322
1091,0.036111111111111094,0.03735170606851934
1092,0.07777777777777783,0.07928328448625388
1093,0.02499999999999991,0.02542073667206679
1094,0.061111111111111116,0.05912584566545731
1095,0.04999999999999993,0.04981861487078165
1096,0.05555555555555547,0.0564931318088997
1097,0.06388888888888888,0.06497392054186313
1098,0.0722222222222223,0.073823743969756
1099,0.05833333333333335,0.05887786845304277
1100,0.019444444444444486,0.0178545020973927
1101,0.05833333333333335,0.05882152765091775
1102,0.04444444444444451,0.04494058918685839
1103,0.025000000000000022,0.024229724225986904
1104,0.022222222222222254,0.022075139436980806
1105,0.03888888888888886,0.0396276197727663
1106,0.04166666666666663,0.04140129171060902
1107,0.06944444444444442,0.07000779347386332
1108,0.05277777777777781,0.05303386310291858
1109,0.04166666666666663,0.04122797063881256
1110,0.061111111111111116,0.06085060108408513
1111,0.030555555555555558,0.03045782261002372
1112,0.061111111111111116,0.06233041715188714
1113,0.05277777777777781,0.05367518259460491
1114,0.061111111111111116,0.06131789828906764
1115,0.030555555555555558,0.030806141815089894
1116,0.030555555555555447,0.029726337305680084
1117,0.025000000000000022,0.026263240093533313
1118,0.047222222222222165,0.04621834502485467
1119,0.07222222222222219,0.07381403858712643
1120,0.07499999999999996,0.07620963924491186
1121,0.04166666666666663,0.04129680896321475
1122,0.033333333333333326,0.03296395360330184
1123,0.04166666666666663,0.042158166057882474
1124,0.05555555555555558,0.056263887115689304
1125,0.04166666666666663,0.042624572530170046
1126,0.036111111111111094,0.036226810702625234
1127,0.04166666666666663,0.042353877572471776
1128,0.030555555555555558,0.031172083664949946
1129,0.061111111111111116,0.060085985426501676
1130,0.036111111111111094,0.03609616571053487
1131,0.06944444444444442,0.06914913294469782
1132,0.09166666666666667,0.09151312401666989
1133,0.0527777777777777,0.052935491075909225
1134,0.061111111111111116,0.062126262798906096
1135,0.05833333333333335,0.05996485061292456
1136,0.061111111111111116,0.06188954077003528
1137,0.03888888888888886,0.03923781991932229
1138,0.05277777777777781,0.053628531999618145
1139,0.036111111111111094,0.035919807964783224
1140,0.06388888888888888,0.06573886146693964
1141,0.05555555555555558,0.05483266249367136
1142,0.07222222222222219,0.07220654479018607
1143,0.08333333333333337,0.082727890483978
1144,0.05555555555555547,0.05594261287946822
1145,0.047222222222222276,0.04756045523706365
1146,0.06388888888888888,0.06322568328625588
1147,0.06666666666666676,0.06572461351884751
1148,0.05833333333333335,0.05831074786406143
1149,0.050000000000000044,0.04984885602575939
1150,0.06666666666666665,0.06642633460090108
1151,0.019444444444444375,0.01887294420637098
1152,0.05555555555555558,0.055576803053322354
1153,-0.002777777777777879,-0.003110657621947177
1154,0.04999999999999993,0.05198881499191099
1155,0.07499999999999996,0.07561696041005872
1156,0.050000000000000044,0.04993631170023616
1157,0.05833333333333324,0.05919796805704225
1158,0.05277777777777781,0.05313959351451736
1159,0.06388888888888888,0.06404568812755451
1160,0.05833333333333335,0.05939288248766983
1161,0.047222222222222165,0.04603615536958927
1162,0.050000000000000044,0.050190247185978976
1163,0.06944444444444442,0.06964802524277092
1164,0.07500000000000007,0.07687415756297056
1165,0.04444444444444451,0.04482011214288839
1166,0.06666666666666665,0.06822200892847208
1167,0.06944444444444453,0.0703549492222516
1168,0.0444444444444444,0.04612431525565741
1169,0.04999999999999993,0.04962224507208002
1170,0.06944444444444453,0.07107086204473634
1171,0.04444444444444451,0.04419535575135747
1172,0.05277777777777781,0.05296783557876095
1173,0.05833333333333335,0.0581597278607362
1174,0.036111111111111094,0.0362607377075741
1175,0.07499999999999996,0.07657225425191594
1176,0.05277777777777781,0.05278518773786267
1177,0.05833333333333335,0.061209805999363986
1178,0.061111111111111116,0.0616694448743178
1179,0.061111111111111005,0.06172168516177068
1180,0.0444444444444444,0.045053212213362004
1181,0.047222222222222165,0.047805413740904745
1182,0.07777777777777772,0.07865733664208419
1183,0.03888888888888886,0.03962223614426208
1184,0.05277777777777781,0.052462427704163206
1185,0.04999999999999993,0.05069974713669101
1186,0.05833333333333335,0.05834822435070097
1187,0.061111111111111116,0.061749806750652225
1188,0.0805555555555556,0.0804594467891494
1189,0.033333333333333326,0.033938259137721416
1190,0.07500000000000007,0.07529673901102685
1191,0.05555555555555547,0.05534491298516864
1192,0.061111111111111116,0.061183869860649054
1193,0.06388888888888888,0.06453919764107185
1194,0.050000000000000044,0.051092026082593556
1195,0.05833333333333335,0.059766468747500134
1196,0.061111111111111116,0.061385341758857126
1197,0.0527777777777777,0.054731294602088365
1198,0.050000000000000044,0.04985052433121373
1199,0.03888888888888897,0.03855703332608118
1200,0.061111111111111116,0.061233394510356254
1201,0.047222222222222165,0.04806288731176267
1202,0.061111111111111116,0.06037180980100176
1203,0.06944444444444442,0.06945077231007601
1204,0.06388888888888888,0.06392164644152543
1205,0.019444444444444375,0.01781466909214191
1206,0.0722222222222223,0.07304215640671963
1207,0.0444444444444444,0.04475500866912363
1208,0.04166666666666674,0.041353456328335536
1209,0.022222222222222254,0.02221366368847255
1210,0.061111111111111116,0.060864529418178104
1211,0.030555555555555558,0.030524630691149524
1212,0.02499999999999991,0.026515130761329164
1213,0.06388888888888888,0.06502497941471741
1214,0.047222222222222165,0.04657787750078768
1215,0.061111111111111005,0.0617654638067453
1216,0.06944444444444442,0.07072308596208876
1217,0.061111111111111116,0.06081188258189263
1218,0.03888888888888897,0.039828606433071734
1219,0.02499999999999991,0.02465452096915388
1220,0.03888888888888886,0.038721112385849854
1221,0.02777777777777779,0.02839747019115535
1222,0.050000000000000044,0.051584806029211894
1223,0.033333333333333326,0.03342186088782495
1224,0.07222222222222219,0.0737816729759484
1225,0.06388888888888888,0.06437601296507656
1226,0.036111111111111094,0.03553913941693576
1227,0.025000000000000022,0.02431359084824558
1228,0.05277777777777781,0.05213714877006359
1229,0.04999999999999993,0.049640121469499476
1230,0.04166666666666663,0.04175823000617962
1231,0.07222222222222219,0.07284362843290015
1232,0.06944444444444442,0.0705926912236241
1233,0.03888888888888886,0.03934261630853253
1234,0.04999999999999993,0.049063654570574045
1235,0.0722222222222223,0.07153263294560175
1236,0.0444444444444444,0.04510624215193215
1237,0.03888888888888897,0.03794375589739696
1238,0.05833333333333335,0.05836089473144934
1239,0.05555555555555558,0.05513503425580801
1240,0.0527777777777777,0.05334851580423938
1241,0.0444444444444444,0.04438576223297641
1242,0.030555555555555558,0.03071979809457981
1243,0.04166666666666663,0.04191765828412797
1244,0.050000000000000044,0.05092852377852353
1245,0.022222222222222143,0.023091589168175664
1246,0.02777777777777768,0.027426916998899986
1247,0.0888888888888889,0.0901471478556215
1248,0.050000000000000044,0.05066838467750712
1249,0.0527777777777777,0.0523938112571507
1250,0.04444444444444451,0.04379045351804067
1251,0.033333333333333326,0.03342705980284677
1252,0.06944444444444442,0.06949442720708432
1253,0.061111111111111116,0.06279549701729081
1254,0.061111111111111116,0.06163491726997061
1255,0.03888888888888886,0.038081469750803065
1256,0.04999999999999993,0.05105263754611933
1257,0.04999999999999993,0.04907347179411925
1258,0.036111111111111094,0.036770930487743936
1259,0.09999999999999998,0.10080700395633557
1260,0.05555555555555558,0.05580344983009333
1261,0.04166666666666663,0.04129011294563012
1262,0.061111111111111116,0.06289130083886885
1263,0.05833333333333335,0.05886073010866644
1264,0.061111111111111116,0.06193152793724721
1265,0.07500000000000007,0.0752738077062054
1266,0.05277777777777781,0.05279504443414962
1267,0.033333333333333326,0.033382321308605856
1268,0.08055555555555549,0.0821268146573233
1269,0.019444444444444486,0.019065915752382256
1270,0.04444444444444451,0.044975831273285416
1271,0.047222222222222276,0.04674295392542582
1272,0.05277777777777781,0.05325128237907861
1273,0.050000000000000044,0.0498124051796327
1274,0.01666666666666672,0.016863576763061938
1275,0.0444444444444444,0.04401765246500022
1276,0.05833333333333335,0.05830226642277925
1277,0.02499999999999991,0.025140010633414756
1278,0.06388888888888888,0.06440890056991821
1279,0.04166666666666663,0.04209112168830487
1280,0.05833333333333324,0.05807033499754288
1281,0.030555555555555558,0.0307672962346367
1282,0.061111111111111116,0.061149774501325416
1283,0.061111111111111116,0.06014077257713468
1284,0.047222222222222165,0.04690065721797221
1285,0.07777777777777783,0.0785102396133297
1286,0.04166666666666674,0.041555736281762234
1287,0.036111111111111094,0.036435127458519845
1288,0.05555555555555558,0.0570737937889092
1289,0.07500000000000007,0.07685350794729773
1290,0.0805555555555556,0.07970191174248986
1291,0.06666666666666676,0.06745298513391207
1292,0.04166666666666674,0.041712999024011266
1293,0.036111111111111094,0.037587170351025545
1294,0.03888888888888886,0.03955731885948843
1295,0.08333333333333337,0.08410504198793356
1296,0.06666666666666665,0.0674303058357969
1297,0.05277777777777781,0.054240743410137404
1298,0.02777777777777768,0.02770967423497117
1299,0.05833333333333335,0.058167373941176326
1300,0.04444444444444451,0.04538687860148671
1301,0.04166666666666663,0.043203463220110705
1302,0.061111111111111116,0.06029617895872241
1303,0.04444444444444451,0.045427955005384324
1304,0.033333333333333326,0.033990610357649054
1305,0.05277777777777781,0.0539297601427664
1306,0.04999999999999993,0.05005233505389339
1307,0.05555555555555547,0.057103218954742796
1308,0.05833333333333335,0.05937741839682553
1309,0.03888888888888886,0.039620155822593484
1310,0.01388888888888884,0.013973289265199806
1311,0.05277777777777781,0.05396561653735277
1312,0.04166666666666663,0.0412352252883571
1313,0.022222222222222254,0.02191211218035205
1314,0.06666666666666665,0.06640220810217634
1315,0.025000000000000022,0.024089332486192272
1316,0.047222222222222165,0.048685527760241154
1317,0.06388888888888888,0.06389158924665805
1318,0.04166666666666663,0.04098369718797901
1319,0.0527777777777777,0.052566585793847986
1320,0.05555555555555558,0.05666355413012947
1321,0.05833333333333335,0.05909517771575534
1322,0.05833333333333335,0.05880871164797141
1323,0.05277777777777781,0.05263279491066186
1324,0.036111111111111094,0.035953500726047305
1325,0.061111111111111116,0.06290079582244734
1326,0.04166666666666674,0.040634977020254204
1327,0.05555555555555558,0.05618739697630781
1328,0.05555555555555547,0.05722043379246211
1329,0.008333333333333304,0.008397165830149822
1330,0.06388888888888888,0.06421200226343604
1331,0.05833333333333335,0.058158766662410155
1332,0.04166666666666663,0.041945521693377286
1333,0.04999999999999993,0.04983404886183773
1334,0.061111111111111116,0.06149255525793862
1335,0.033333333333333326,0.0331903698326681
1336,0.07222222222222219,0.07361295056302952
1337,0.047222222222222165,0.048204005986663856
1338,0.0805555555555556,0.08006137294418192
1339,0.05555555555555547,0.056081624922664775
1340,0.033333333333333326,0.034269241566204034
1341,0.04166666666666663,0.042192882562688716
1342,0.0805555555555556,0.08171193255618947
1343,0.047222222222222276,0.04719961915443127
1344,0.06944444444444442,0.07058233822358062
1345,0.04999999999999993,0.04972205129867446
1346,0.03888888888888886,0.03848234344863011
1347,0.06666666666666665,0.0676347588189018
1348,0.07777777777777783,0.07697938141043403
1349,0.022222222222222254,0.02211477641549664
1350,0.05555555555555547,0.056749982811772015
1351,0.05277777777777781,0.05420988765412549
1352,0.06666666666666665,0.06735812450188527
1353,0.050000000000000044,0.04990534155608928
1354,0.022222222222222254,0.02139463243603168
1355,0.05277777777777781,0.05251573535215559
1356,0.04166666666666674,0.04201175129910828
1357,0.036111111111111205,0.03542383507132418
1358,0.05833333333333335,0.05863986242234698
1359,0.0722222222222223,0.0724360133624975
1360,0.0444444444444444,0.045639885995840346
1361,0.04166666666666663,0.04284327655034481
1362,0.04999999999999993,0.0503205619205519
1363,0.04166666666666674,0.042368891708096545
1364,0.033333333333333326,0.03332981930422774
1365,0.033333333333333326,0.03439284585007152
1366,0.06388888888888888,0.06536085801918712
1367,0.07500000000000007,0.07863211196185416
1368,0.033333333333333326,0.03166827577505116
1369,0.05555555555555558,0.05631227866712152
1370,0.06388888888888888,0.06430262899753025
1371,0.0444444444444444,0.04580846153952267
1372,0.08055555555555549,0.08069835388332935
1373,0.061111111111111116,0.06098326026076317
1374,0.02777777777777779,0.028508736586900008
1375,0.0444444444444444,0.04586936631292449
1376,0.0444444444444444,0.04412008349216179
1377,0.05833333333333335,0.05947027065402466
1378,0.04444444444444451,0.04447813785167076
1379,0.06944444444444453,0.07105540311547609
1380,0.06666666666666665,0.06673583234638225
1381,0.07777777777777772,0.07916751440640057
1382,0.0527777777777777,0.053362129864468866
1383,0.033333333333333326,0.03267129339786479
1384,0.05833333333333335,0.05991313896533179
1385,0.06388888888888888,0.06486376347950618
1386,0.07777777777777783,0.07822137759141556
1387,0.07777777777777772,0.07880230276489852
1388,0.05833333333333324,0.05880336075693926
1389,0.050000000000000044,0.049890642886418535
1390,0.050000000000000044,0.05058497106579385
1391,0.03888888888888886,0.04106790507320068
1392,0.04444444444444451,0.04513602810540429
1393,0.047222222222222165,0.04708329951829304
1394,0.036111111111111094,0.035514878534473215
1395,0.07777777777777783,0.07864099908060607
1396,0.04166666666666663,0.04290994220111577
1397,0.10555555555555562,0.10685106022229185
1398,0.036111111111111094,0.03614829200196601
1399,0.07222222222222219,0.07375649726038558
1400,0.033333333333333326,0.0341892830848638
1401,0.05555555555555547,0.05601365977242878
1402,0.08611111111111114,0.0872171638892838
1403,0.02499999999999991,0.023272913846804077
1404,0.019444444444444375,0.020012615750013563
1405,0.06944444444444453,0.07061521576216712
1406,0.025000000000000022,0.024476291316147702
1407,0.047222222222222276,0.04857413832383184
1408,0.0527777777777777,0.05348778456503456
1409,0.030555555555555558,0.03008270431872251
1410,0.061111111111111116,0.06255158684365958
1411,0.09444444444444444,0.09615751231242209
1412,0.09166666666666667,0.09339311842573628
1413,0.04166666666666663,0.041405849428919894
1414,0.05277777777777781,0.05200192954203642
1415,0.050000000000000044,0.05096694532024015
1416,0.033333333333333326,0.03369945381179229
1417,0.08611111111111103,0.0874695417723319
1418,0.033333333333333326,0.0337514884725475
1419,0.047222222222222165,0.04697558026178095
1420,0.05555555555555558,0.056681587472930506
1421,0.019444444444444375,0.019233321745403376
1422,0.04999999999999993,0.051453548999968346
1423,0.022222222222222143,0.02265299503728979
1424,0.050000000000000044,0.04986969540782238
1425,0.05833333333333335,0.05834890488762756
1426,0.06666666666666665,0.06763189235851663
1427,0.04166666666666674,0.040898244971348086
1428,0.06666666666666665,0.06769161402554147
1429,0.04166666666666674,0.04177814143691416
1430,0.04166666666666674,0.042878256739006915
1431,0.06666666666666665,0.0682251380830381
1432,0.04999999999999993,0.05070132071548927
1433,0.04999999999999993,0.05079158431045805
1434,0.036111111111111094,0.03654829858160813
1435,0.02777777777777779,0.028531697115868337
1436,0.030555555555555558,0.03039352763561376
1437,0.04166666666666663,0.0432313679151165
1438,0.033333333333333326,0.0344156171490857
1439,0.05833333333333335,0.05824109328404958
1440,0.047222222222222276,0.04764437835167512
1441,0.030555555555555558,0.030814412439434502
1442,0.05277777777777781,0.05238540204883724
1443,0.04444444444444451,0.04331544596284087
1444,0.05555555555555558,0.05590710764149698
1445,0.03888888888888886,0.0404129876259024
1446,0.061111111111111116,0.06214279700064784
1447,0.025000000000000022,0.023982080947399398
1448,0.030555555555555558,0.030065269346739143
1449,0.07777777777777783,0.07794857202265515
1450,0.06944444444444442,0.06832656279975047
1451,0.07777777777777783,0.07976703608931834
1452,0.022222222222222254,0.023021912789337518
1453,0.06388888888888888,0.06323924442956852
1454,0.06388888888888888,0.06441541502284887
1455,0.030555555555555447,0.030792356648031705
1456,0.08611111111111114,0.08643280916676443
1457,0.03888888888888886,0.039521917811204954
1458,0.02777777777777779,0.028274128834074652
1459,0.022222222222222143,0.02081189447594589
1460,0.08333333333333337,0.08328839458151804
1461,0.07777777777777772,0.07756424284722951
1462,0.036111111111111094,0.03666246193674849
1463,0.05277777777777781,0.052915584456207365
1464,0.01388888888888884,0.014246475631771949
1465,0.10555555555555562,0.10633551570317445
1466,0.033333333333333326,0.032915702304817884
1467,0.047222222222222276,0.047183734055787796
1468,0.06388888888888888,0.06544625958891948
1469,0.011111111111111072,0.011315882219120166
1470,0.050000000000000044,0.04971075209159748
1471,0.0444444444444444,0.04547080194006148
1472,0.033333333333333326,0.03208347182033089
1473,0.047222222222222165,0.04917086025902595
1474,0.03888888888888886,0.03845541433657329
1475,0.047222222222222276,0.04767199451399318
1476,0.05555555555555558,0.056214441322637976
1477,0.0527777777777777,0.05366119416823456
1478,0.047222222222222276,0.04782851383232389
1479,0.06388888888888888,0.0653616860974161
1480,0.06944444444444442,0.07074534348354122
1481,0.02777777777777779,0.027423308385668088
1482,0.05833333333333324,0.05981839023479685
1483,0.07499999999999996,0.07546789255221042
1484,0.0527777777777777,0.05302543188460829
1485,0.04444444444444451,0.045247805177541456
1486,0.030555555555555558,0.02972022792504969
1487,0.036111111111111094,0.03822586880937573
1488,0.04166666666666663,0.0415757906421399
1489,0.03888888888888886,0.039972023940087587
1490,0.061111111111111116,0.06148522696279102
1491,0.06944444444444442,0.0688308433551108
1492,0.04166666666666663,0.041548833979230704
1493,0.06666666666666665,0.06713816633446323
1494,0.07222222222222219,0.07055382827565737
1495,0.050000000000000044,0.05117263300620978
1496,0.06666666666666665,0.06777484482090956
1497,0.04166666666666663,0.042773326419762614
1498,0.11388888888888882,0.11422785835636218
1499,0.033333333333333326,0.03422686363671901
1500,0.030555555555555447,0.029858579206598623
1501,0.06666666666666665,0.0672828383019608
1502,0.04166666666666663,0.04136597475388515
1503,0.050000000000000044,0.05039211067353999
1504,0.0805555555555556,0.08124922185180461
1505,0.033333333333333326,0.03374322266608987
1506,0.036111111111111094,0.036238375337058426
1507,0.04999999999999993,0.050862355368222256
1508,0.02777777777777779,0.02882091077492499
1509,0.05833333333333335,0.05843783063951924
1510,0.019444444444444486,0.020018567355979622
1511,0.04444444444444451,0.044033461849855904
1512,0.061111111111111116,0.06140022002930623
1513,0.07222222222222219,0.07286013074168307
1514,0.04999999999999993,0.04938529638559186
1515,0.04166666666666663,0.04220472865332836
1516,0.06944444444444442,0.07087069614735597
1517,0.05277777777777781,0.052021396476840454
1518,0.07500000000000007,0.0774217929574249
1519,0.06666666666666676,0.06691426879422835
1520,0.047222222222222165,0.04834029984971133
1521,0.05833333333333324,0.06051333532722758
1522,0.05277777777777781,0.052019429363848624
1523,0.050000000000000044,0.050561307208893624
1524,0.03888888888888886,0.039460640500235566
1525,0.06388888888888888,0.06341447185681037
1526,0.05277777777777781,0.05305430453844784
1527,0.07500000000000007,0.07510732132798659
1528,0.05555555555555558,0.055719736837824496
1529,0.08055555555555549,0.08141213109546197
1530,0.04166666666666663,0.04351988625507697
1531,0.09166666666666667,0.0919166040288355
1532,0.03888888888888886,0.03928239662763755
1533,0.06666666666666665,0.06757112351279604
1534,0.05555555555555558,0.05586820499329692
1535,0.05555555555555547,0.05523864397027922
1536,0.05277777777777781,0.05261540819540955
1537,0.07499999999999996,0.07540288552924723
1538,0.0444444444444444,0.044469858097111015
1539,0.04444444444444451,0.046136341190596286
1540,0.0527777777777777,0.05119929409570256
1541,0.0444444444444444,0.0443967804429386
1542,0.04444444444444451,0.044534786636333035
1543,0.061111111111111116,0.06179795377547348
1544,0.06666666666666665,0.06696483092310135
1545,0.05555555555555558,0.056001507386886584
1546,0.05833333333333335,0.058015825200245175
1547,0.04999999999999993,0.050846718411641234
1548,0.05277777777777781,0.05257542625954992
1549,0.030555555555555558,0.03121223847664556
1550,0.06388888888888888,0.06477617166859884
1551,0.047222222222222276,0.0470406554328906
1552,0.047222222222222276,0.04848045748506191
1553,0.09444444444444444,0.0969655382736796
1554,0.016666666666666607,0.016922829385495608
1555,0.047222222222222165,0.049225611732679364
1556,0.030555555555555558,0.03191441456226918
1557,0.05555555555555558,0.05501510218561467
1558,0.07777777777777783,0.0777877574381236
1559,0.06944444444444442,0.06945405900794854
1560,0.06944444444444453,0.06950004262933906
1561,0.01388888888888884,0.014341089459903422
1562,0.047222222222222165,0.04727705234819368
1563,0.04166666666666663,0.043075556453568975
1564,0.02499999999999991,0.025144005231560573
1565,0.06666666666666665,0.06730955361794178
1566,0.06944444444444442,0.06961753792684955
1567,0.09722222222222221,0.09807643965438384
1568,0.05555555555555558,0.054131313040951645
1569,0.050000000000000044,0.05065073172691248
1570,0.050000000000000044,0.05077272300683333
1571,0.04166666666666674,0.041781521938033306
1572,0.03888888888888886,0.03889490092281722
1573,0.05277777777777781,0.052765874593201145
1574,0.08611111111111114,0.08619280167516519
1575,0.036111111111111205,0.035612031075793915
1576,0.02777777777777779,0.027121095327709455
1577,0.05833333333333324,0.057649152894125755
1578,0.06388888888888888,0.06522888284212391
1579,0.04166666666666674,0.04242388716841472
1580,0.05555555555555558,0.0551311352329541
1581,0.047222222222222276,0.04744846922912216
1582,0.07777777777777772,0.07834029554715793
1583,0.06666666666666665,0.06735888430207715
1584,0.05555555555555558,0.05491517847761651
1585,0.030555555555555558,0.030192742216707535
1586,0.061111111111111005,0.06231800024924383
1587,0.05277777777777781,0.05344870386538192
1588,0.036111111111111094,0.035844049743835926
1589,0.07777777777777783,0.07766961436930675
1590,0.030555555555555558,0.030415911334517043
1591,0.030555555555555558,0.02967139620531889
1592,0.0444444444444444,0.04520222021482867
1593,0.05833333333333324,0.05861249138460989
1594,0.061111111111111005,0.06218345090210686
1595,0.047222222222222165,0.04701061425407882
1596,0.0444444444444444,0.0450274622083191
1597,0.05555555555555558,0.05533505293359087
1598,0.04999999999999993,0.05219222700437509
1599,0.030555555555555558,0.03072652407467591
1600,0.05277777777777781,0.05360525745703504
1601,0.06944444444444442,0.07098564156242593
1602,0.07499999999999996,0.07653005294167992
1603,0.04166666666666663,0.04274451098935261
1604,0.05555555555555558,0.055003208616854704
1605,0.06388888888888888,0.06465078070505226
1606,0.061111111111111116,0.0616998750116271
1607,0.0805555555555556,0.08188228564324218
1608,0.0805555555555556,0.08119904241363618
1609,0.030555555555555447,0.03186526425675018
1610,0.0722222222222223,0.07215022183704878
1611,0.061111111111111116,0.06132049972609688
1612,0.04444444444444451,0.045790750553250104
1613,0.0444444444444444,0.04450465480266741
1614,0.07222222222222219,0.07484929354360725
1615,0.050000000000000044,0.05025733999495463
1616,0.05555555555555558,0.05660731559319476
1617,0.05833333333333335,0.05796865096475601
1618,0.05833333333333335,0.058628052104972794
1619,0.06388888888888888,0.06427892204213581
1620,0.061111111111111116,0.06179794252009663
1621,0.06666666666666665,0.06717908064065037
1622,0.06666666666666665,0.0680074565732206
1623,0.047222222222222276,0.04706420031264624
1624,0.05833333333333335,0.05998266497681648
1625,0.04999999999999993,0.05087056460872241
1626,0.05555555555555558,0.05627062220271828
1627,0.05277777777777781,0.05290075364888336
1628,0.022222222222222254,0.02190140379281369
1629,0.05555555555555547,0.055962799277969544
1630,0.08333333333333337,0.0832529575515174
1631,0.02499999999999991,0.02466865062788981
1632,0.0888888888888889,0.09001562979940092
1633,0.03888888888888886,0.039769840633438136
1634,0.03888888888888886,0.038877081193997465
1635,0.04166666666666674,0.04145197011717816
1636,0.030555555555555558,0.02995483440467539
1637,0.061111111111111116,0.06268549248782407
1638,0.047222222222222165,0.04820364181405634
1639,0.06388888888888888,0.06604947809315864
1640,0.008333333333333304,0.007534969338358177
1641,0.05555555555555558,0.05713689492007079
1642,0.030555555555555558,0.03074955042160621
1643,0.06666666666666665,0.06723889388662652
1644,0.04999999999999993,0.050310809229516695
1645,0.050000000000000044,0.04997568732951896
1646,0.0527777777777777,0.05214315048214779
1647,0.04166666666666663,0.041199635741312246
1648,0.047222222222222276,0.047671864924345164
1649,0.04166666666666674,0.042275976510529834
1650,0.05833333333333335,0.058247097075438514
1651,0.05833333333333335,0.059090188623726725
1652,0.07777777777777772,0.07729335021987593
1653,0.07777777777777783,0.07803079532550217
1654,0.01388888888888895,0.014104521323772712
1655,0.05833333333333335,0.06020280649305565
1656,0.06388888888888888,0.06569248280431617
1657,0.06388888888888888,0.06481387090354396
1658,0.050000000000000044,0.050994601400878414
1659,0.02777777777777779,0.028424383069742265
1660,0.08611111111111114,0.08651188403496168
1661,0.022222222222222143,0.02138680026472839
1662,0.033333333333333326,0.03330192275431276
1663,0.08611111111111114,0.08647049220654734
1664,0.05555555555555547,0.05800058624595472
1665,0.07500000000000007,0.07500498752854845
1666,0.03888888888888886,0.03865803147607483
1667,0.061111111111111116,0.06224359710365279
1668,0.033333333333333326,0.03214712493377503
1669,0.06388888888888888,0.06408585736643713
1670,0.05833333333333335,0.059336466443353
1671,0.06388888888888888,0.06456632413859609
1672,0.047222222222222165,0.04756307548641492
1673,0.036111111111111094,0.03611417584104759
1674,0.05277777777777781,0.05320710905118853
1675,0.061111111111111116,0.06274901270166422
1676,0.047222222222222276,0.04786431230690402
1677,0.047222222222222276,0.04766144579749321
1678,0.04166666666666663,0.04195247517255485
1679,0.04444444444444451,0.045436113087135244
1680,0.036111111111111094,0.036057477450816666
1681,0.022222222222222254,0.021869131274056097
1682,0.0527777777777777,0.052411666595200024
1683,0.047222222222222276,0.04794612176166568
1684,0.033333333333333326,0.03317101698184499
1685,0.0444444444444444,0.045001830256441444
1686,0.022222222222222254,0.022150468675506074
1687,0.06944444444444442,0.07041296124323537
1688,0.07222222222222219,0.07289823516810257
1689,0.061111111111111116,0.06028973722548958
1690,0.061111111111111116,0.06234482042974254
1691,0.06666666666666665,0.06832995745910697
1692,0.036111111111111205,0.03595904381928561
1693,0.07499999999999996,0.07505406350612098
1694,0.04166666666666663,0.04119452014209235
1695,0.0527777777777777,0.051827334667517544
1696,0.061111111111111116,0.06262445420429019
1697,0.03888888888888886,0.039465134037751315
1698,0.01388888888888884,0.013401084267531505
1699,0.030555555555555558,0.030853832187256458
1700,0.05277777777777781,0.054078663904086666
1701,0.05555555555555558,0.05603803540148766
1702,0.061111111111111116,0.06087859972849963
1703,0.061111111111111116,0.061049963089575776
1704,0.047222222222222276,0.047458403673658944
1705,0.04166666666666663,0.04171321164595654
1706,0.025000000000000022,0.025333907872138073
1707,0.06388888888888888,0.06537465434688172
1708,0.05277777777777781,0.0526550432606524
1709,0.047222222222222276,0.047746724502593096
1710,0.047222222222222165,0.04765364326725896
1711,0.03888888888888886,0.03884091669986656
1712,0.03888888888888897,0.04020807036140994
1713,0.09999999999999998,0.10069301453247892
1714,0.06944444444444442,0.07173479662846827
1715,0.04166666666666674,0.04140897952221656
1716,0.06388888888888888,0.06385218778784707
1717,0.0444444444444444,0.04535727340877782
1718,0.05277777777777781,0.05259256130697032
1719,0.036111111111111094,0.03611145882323352
1720,0.033333333333333326,0.03408915377282351
1721,0.05833333333333324,0.0587508047601647
1722,0.07499999999999996,0.07683128097490144
1723,0.04999999999999993,0.051400767967082484
1724,0.05555555555555547,0.05792709527507056
1725,0.061111111111111116,0.062164295274796166
1726,0.022222222222222254,0.023055380138139014
1727,0.05833333333333335,0.05876506755085287
1728,0.030555555555555558,0.030562528519137988
1729,0.025000000000000022,0.025179680265594473
1730,0.047222222222222165,0.04688876218879978
1731,0.04166666666666674,0.04218963375386631
1732,0.033333333333333326,0.03299919839542942
1733,0.02777777777777779,0.027916668787993926
1734,0.04444444444444451,0.04601899194287595
1735,0.06388888888888888,0.06348256082095904
1736,0.04999999999999993,0.04995144442576016
1737,0.03888888888888886,0.03874054372965485
1738,0.0527777777777777,0.052579405949898295
1739,0.04444444444444451,0.044471605793620306
1740,0.05833333333333324,0.05888684916450093
1741,0.030555555555555558,0.02986175385158618
1742,0.030555555555555558,0.0315127509993125
1743,0.04166666666666663,0.04167460008733581
1744,0.030555555555555558,0.03099604295118108
1745,0.09444444444444444,0.0950692126660132
1746,0.0888888888888889,0.08973838429460113
1747,0.06666666666666665,0.06687182270422287
1748,0.05555555555555558,0.055968764636749935
1749,0.061111111111111116,0.06360248739844554
1750,0.05277777777777781,0.052922563299818925
1751,0.02499999999999991,0.025149567840559883
1752,0.05833333333333335,0.05869198740542447
1753,0.06944444444444442,0.06945241519180101
1754,0.03888888888888897,0.03956880594194667
1755,0.02777777777777779,0.02858526115878879
1756,0.033333333333333326,0.03411393810127572
1757,0.06388888888888888,0.06440059165184042
1758,0.06666666666666665,0.06704133370185972
1759,0.019444444444444375,0.020048954611959657
1760,0.05555555555555558,0.056433000391470034
1761,0.06388888888888888,0.0639933784412523
1762,0.05833333333333335,0.059682793390616995
1763,0.07222222222222219,0.07246476757036169
1764,0.02777777777777768,0.027296654966871392
1765,0.04166666666666663,0.04147564380413005
1766,0.10277777777777786,0.10333216315870408
1767,0.04166666666666663,0.04198435114716981
1768,0.0805555555555556,0.08128176450432434
1769,0.036111111111111094,0.03652990133374312
1770,0.04444444444444451,0.045469905096787167
1771,0.022222222222222254,0.02239039779223262
1772,0.04999999999999993,0.049264838087004326
1773,0.05833333333333335,0.05987919545295106
1774,0.06388888888888888,0.06481703091976443
1775,0.036111111111111094,0.036418820585517264
1776,0.02777777777777779,0.02841090528296275
1777,0.05555555555555547,0.05633355790821559
1778,0.030555555555555558,0.03054101073033033
1779,0.04166666666666663,0.041755116990069396
1780,0.011111111111111072,0.010626648576172681
1781,0.06666666666666665,0.06857522509956926
1782,0.036111111111111094,0.03451646140199349
1783,0.036111111111111094,0.03673463527318965
1784,0.04999999999999993,0.050115632951894584
1785,0.061111111111111116,0.06264570018850468
1786,0.0805555555555556,0.08444131170846347
1787,0.0444444444444444,0.04467550979408219
1788,0.04166666666666663,0.044403815260496415
1789,0.05555555555555558,0.055097993332809625
1790,0.047222222222222276,0.048265871565872476
1791,0.02777777777777779,0.027298888543556
1792,0.07222222222222219,0.07415114968959902
1793,0.05555555555555547,0.05586103836217715
1794,0.03888888888888886,0.03818949771182778
1795,0.050000000000000044,0.049832384004697916
1796,0.04999999999999993,0.049762651912718336
1797,0.05833333333333324,0.0582817063985156
1798,0.047222222222222276,0.0472610253011152
1799,0.016666666666666607,0.016694797243955506
1800,0.061111111111111005,0.061449684507145164
1801,0.06388888888888888,0.06495607389814706
1802,0.030555555555555558,0.031153048491169177
1803,0.07500000000000007,0.07613281698842733
1804,0.05555555555555558,0.056277375239852434
1805,0.05555555555555558,0.0563895650935331
1806,0.047222222222222165,0.047902644674565176
1807,0.04999999999999993,0.050127542877161035
1808,0.03888888888888897,0.038866624901649605
1809,0.05833333333333335,0.05844790957612955
1810,0.02499999999999991,0.025378614060752813
1811,0.0527777777777777,0.05380582277802237
1812,0.06666666666666665,0.06737395608098018
1813,0.04999999999999993,0.049023054818782996
1814,0.0527777777777777,0.05322751523853486
1815,0.04444444444444451,0.0441821829294855
1816,0.06388888888888888,0.06454050675193568
1817,0.022222222222222143,0.021601434000052988
1818,0.06388888888888888,0.06408539957157966
1819,0.02499999999999991,0.02506480307800618
1820,0.05833333333333335,0.059028587972333124
1821,0.04166666666666663,0.04204502859091297
1822,0.033333333333333326,0.03422060044953401
1823,0.036111111111111205,0.036205590673468846
1824,0.061111111111111116,0.06117304836873372
1825,0.036111111111111094,0.037289971625496854
1826,0.036111111111111094,0.037163260965769496
1827,0.04999999999999993,0.05351609246430511
1828,0.0527777777777777,0.05552395520076581
1829,0.07777777777777783,0.07876559056245436
1830,0.06944444444444442,0.06886908191463859
1831,0.036111111111111094,0.036424737915843663
1832,0.04166666666666663,0.04271686806775765
1833,0.05555555555555558,0.05659594608283269
1834,0.05833333333333335,0.059110506228793325
1835,0.061111111111111116,0.06061934282487236
1836,0.05277777777777781,0.05192626380400611
1837,0.047222222222222165,0.04929919848415165
1838,0.05833333333333335,0.060865756130410564
1839,0.0805555555555556,0.08213461196544725
1840,0.04444444444444451,0.04414450665554048
1841,0.05277777777777781,0.05253136850146922
1842,0.04166666666666674,0.04266137912333601
1843,0.030555555555555558,0.030077926916140085
1844,0.050000000000000044,0.049717086164848934
1845,0.0527777777777777,0.05161060738502776
1846,0.033333333333333326,0.03258566563169607
1847,0.04444444444444451,0.04641340198612198
1848,0.050000000000000044,0.04954258047826565
1849,0.02777777777777779,0.027900193764503034
1850,0.07222222222222219,0.07276596615041397
1851,0.030555555555555558,0.030480400774229532
1852,0.06666666666666665,0.06758306555575577
1853,0.05277777777777781,0.052224786136167545
1854,0.06666666666666665,0.06667087878014855
1855,0.06388888888888888,0.06531421418933192
1856,0.047222222222222165,0.048590222769828384
1857,0.02777777777777779,0.027324206124477612
1858,0.047222222222222276,0.049175401790668816
1859,0.050000000000000044,0.050790405480940826
1860,0.022222222222222254,0.02245746093933687
1861,0.036111111111111094,0.03587425963505153
1862,0.047222222222222165,0.048502110250129515
1863,0.06666666666666665,0.06638103674533535
1864,0.036111111111111205,0.035670546532715286
1865,0.05833333333333335,0.05830925244239815
1866,0.06666666666666665,0.06757394214031942
1867,0.06944444444444442,0.0720185113537608
1868,0.061111111111111116,0.061246180193538335
1869,0.06388888888888888,0.06373079611204757
1870,0.03888888888888886,0.03783234566381655
1871,0.061111111111111116,0.06178839790860524
1872,0.05833333333333324,0.05999768230031499
1873,0.0444444444444444,0.044772708111030624
1874,0.08611111111111103,0.08858012785858049
1875,0.02499999999999991,0.025577757719540184
1876,0.047222222222222165,0.04598962401186357
1877,0.05833333333333335,0.057994387553633286
1878,0.07500000000000007,0.07577542147151284
1879,0.019444444444444486,0.01976123413156483
1880,0.07222222222222219,0.0727552001823567
1881,0.04166666666666674,0.041684647811565445
1882,0.06944444444444442,0.07075612389393682
1883,0.05555555555555558,0.05599739683198646
1884,0.050000000000000044,0.05096646660093462
1885,0.0444444444444444,0.045706439220418726
1886,0.025000000000000022,0.02554754528705694
1887,0.07499999999999996,0.07466371056923293
1888,0.02499999999999991,0.02423291678580064
1889,0.061111111111111116,0.060842188010653
1890,0.03888888888888886,0.039279297528302726
1891,0.030555555555555558,0.03199361692421787
1892,0.050000000000000044,0.049721272992575116
1893,0.050000000000000044,0.050075405585085275
1894,0.033333333333333326,0.03351415609169306
1895,0.04999999999999993,0.050073644471648304
1896,0.0527777777777777,0.05618869715019659
1897,0.061111111111111116,0.061381179913344686
1898,0.05277777777777781,0.0529083878261537
1899,0.011111111111111072,0.00856245079748641
1900,0.0527777777777777,0.05278091552170461
1901,0.0444444444444444,0.04439905825728441
1902,0.05277777777777781,0.05313233523363581
1903,0.047222222222222165,0.04840837141307852
1904,0.06666666666666665,0.06805686644512188
1905,0.05833333333333335,0.0596360008531196
1906,0.03888888888888886,0.039476586866313834
1907,0.06944444444444453,0.07066992426752061
1908,0.06666666666666665,0.06780110055464084
1909,0.047222222222222165,0.04809502206286409
1910,0.10833333333333339,0.10894927636781893
1911,0.061111111111111116,0.06264800850420804
1912,0.061111111111111116,0.06083614323707709
1913,0.05277777777777781,0.05376027960741525
1914,0.016666666666666607,0.01717363502384528
1915,0.04166666666666663,0.04238819047573161
1916,0.06388888888888888,0.06446491433689361
1917,0.05277777777777781,0.05317582181933167
1918,0.07222222222222219,0.07297346018030326
1919,0.06944444444444442,0.0715489467832342
1920,0.03888888888888886,0.039312974273011836
1921,0.06388888888888888,0.06571349497178136
1922,0.061111111111111116,0.062366754120952494
1923,0.036111111111111094,0.03649162850780063
1924,0.07499999999999996,0.0753760958712083
1925,0.033333333333333326,0.03312372479064296
1926,0.06944444444444453,0.06977952365969942
1927,0.030555555555555558,0.030344697716776725
1928,0.047222222222222165,0.04833474079427813
1929,0.05555555555555558,0.056192938695203365
1930,0.050000000000000044,0.05072233863542952
1931,0.03888888888888886,0.038943387678290975
1932,0.0805555555555556,0.08134617787608134
1933,0.06944444444444442,0.07052831608714061
1934,0.06388888888888888,0.06465299822637183
1935,0.0722222222222223,0.07242173755994219
1936,0.06666666666666665,0.06747787393221083
1937,0.03888888888888886,0.037983385324092955
1938,0.06388888888888888,0.06448694011428058
1939,0.09166666666666667,0.09539842144759525
1940,0.0805555555555556,0.08081023539847443
1941,0.06666666666666665,0.06583486898772517
1942,0.06944444444444442,0.06943181037893364
1943,0.04166666666666663,0.04124103669738566
1944,0.047222222222222276,0.047300733256349314
1945,0.02777777777777768,0.02686287793117481
1946,0.061111111111111116,0.06144953869353076
1947,0.033333333333333326,0.03400417839320491
1948,0.04999999999999993,0.04906803857820752
1949,0.06666666666666665,0.0673292604753728
1950,0.0805555555555556,0.08250530433627601
1951,0.061111111111111116,0.061316937542103545
1952,0.05833333333333335,0.05901962992780829
1953,0.02499999999999991,0.025467598873194053
1954,0.061111111111111116,0.061661488153798905
1955,0.06666666666666665,0.06697779395721692
1956,0.061111111111111116,0.0620252678948936
1957,0.06388888888888888,0.06440192469759753
1958,0.07500000000000007,0.07750612562769899
1959,0.030555555555555558,0.030733186738076124
1960,0.03888888888888886,0.038100766501811156
1961,0.06944444444444442,0.0712124380554604
1962,0.05555555555555558,0.055358486743462665
1963,0.05833333333333335,0.05914430940307891
1964,0.047222222222222276,0.04704425014546065
1965,0.05277777777777781,0.0521127780404278
1966,0.036111111111111094,0.03555997532527455
1967,0.07500000000000007,0.07602479137206952
1968,0.07222222222222219,0.07254960638293972
1969,0.061111111111111116,0.06166744166491467
1970,0.03888888888888886,0.03798653717982037
1971,0.047222222222222276,0.04774773538136601
1972,0.030555555555555447,0.030166873555628526
1973,0.030555555555555558,0.029623166995056405
1974,0.05277777777777781,0.05484465222017476
1975,0.04444444444444451,0.04560506923531049
1976,0.08055555555555549,0.08213863059782456
1977,0.047222222222222165,0.04724265760759305
1978,0.022222222222222143,0.022439251700386853
1979,0.08333333333333337,0.08430340403459768
1980,0.047222222222222165,0.047411706495521955
1981,0.04166666666666674,0.041934975887241044
1982,0.06944444444444442,0.07027188792481809
1983,0.05277777777777781,0.05291115646149169
1984,0.06944444444444442,0.06981756342108747
1985,0.05277777777777781,0.055128231434734776
1986,0.04999999999999993,0.049877101014646485
1987,0.05833333333333324,0.05840263083843533
1988,0.05833333333333335,0.05835533287521977
1989,0.06944444444444453,0.06891547774570861
1990,0.04999999999999993,0.05076434642291783
1991,0.0444444444444444,0.04425819272705944
1992,0.03888888888888886,0.039423188189249614
1993,0.050000000000000044,0.0505768831667206
1994,0.04166666666666674,0.04159493963841798
1995,0.0527777777777777,0.05261895111647197
1996,0.04999999999999993,0.04967984565464034
1997,0.022222222222222143,0.021629190821062072
1998,0.07777777777777783,0.07868915401765864
1999,0.05833333333333335,0.05934144951752485
