model,class,precision,recall,f1-score,support
HOG-SVM,crazing,0.921875,0.9833333333333333,0.9516129032258065,60.0
HOG-SVM,inclusion,0.8,0.9333333333333333,0.8615384615384616,60.0
HOG-SVM,patches,0.9056603773584906,0.8,0.8495575221238938,60.0
HOG-SVM,pitted_surface,0.8947368421052632,0.85,0.8717948717948718,60.0
HOG-SVM,rolled_in_scale,1.0,1.0,1.0,60.0
HOG-SVM,scratches,0.9107142857142857,0.85,0.8793103448275862,60.0
CNN,crazing,0.9830508474576272,0.9666666666666667,0.9747899159663865,60.0
CNN,inclusion,0.8333333333333334,1.0,0.9090909090909091,60.0
CNN,patches,0.9672131147540983,0.9833333333333333,0.9752066115702479,60.0
CNN,pitted_surface,1.0,0.8166666666666667,0.8990825688073395,60.0
CNN,rolled_in_scale,1.0,1.0,1.0,60.0
CNN,scratches,0.9830508474576272,0.9666666666666667,0.9747899159663865,60.0
