condition,model,n,accuracy,precision_macro,recall_macro,f1_macro,delta_accuracy,delta_macro_f1
blur_radius_0.5,HOG-SVM,360,0.8666666666666667,0.8712180277020801,0.8666666666666666,0.8668427733223085,-0.036111111111111094,-0.035459577262794806
blur_radius_0.5,CNN,360,0.8166666666666667,0.8536497286497288,0.8166666666666668,0.79357613936082,-0.13888888888888895,-0.16191718087272478
brightness_minus_10,HOG-SVM,360,0.9,0.9025324730094467,0.8999999999999999,0.8993378037732876,-0.002777777777777768,-0.0029645468118156826
brightness_minus_10,CNN,360,0.9583333333333334,0.9620824725235342,0.9583333333333334,0.9585674727296184,0.002777777777777768,0.0030741524960735678
brightness_plus_10,HOG-SVM,360,0.8833333333333333,0.8895154606925231,0.8833333333333333,0.882938972848404,-0.019444444444444486,-0.019363377736699383
brightness_plus_10,CNN,360,0.9472222222222222,0.9545227920227921,0.9472222222222223,0.9454818083750123,-0.008333333333333415,-0.010011511858532551
contrast_0.8,HOG-SVM,360,0.9027777777777778,0.9054977508630065,0.9027777777777777,0.9023023505851033,0.0,0.0
contrast_0.8,CNN,360,0.8916666666666667,0.916563491153655,0.8916666666666666,0.8910895409244924,-0.06388888888888888,-0.06440377930905239
noise_sigma_5,HOG-SVM,360,0.5694444444444444,0.5954585537918872,0.5694444444444445,0.5168304397199598,-0.33333333333333337,-0.38547191086514354
noise_sigma_5,CNN,360,0.6166666666666667,0.6460613365610403,0.6166666666666666,0.5442390097368207,-0.3388888888888889,-0.4112543104967241
