path,true_class,svm_predicted,cnn_predicted
data/NEU-CLS/train/train/images/crazing_100.jpg,crazing,crazing,crazing
data/NEU-CLS/train/train/images/crazing_102.jpg,crazing,crazing,crazing
data/NEU-CLS/train/train/images/crazing_111.jpg,crazing,crazing,rolled_in_scale
data/NEU-CLS/train/train/images/crazing_112.jpg,crazing,crazing,rolled_in_scale
data/NEU-CLS/train/train/images/crazing_118.jpg,crazing,crazing,crazing
data/NEU-CLS/train/train/images/crazing_119.jpg,crazing,crazing,crazing
data/NEU-CLS/train/train/images/crazing_130.jpg,crazing,crazing,crazing
data/NEU-CLS/train/train/images/crazing_139.jpg,crazing,crazing,crazing
data/NEU-CLS/train/train/images/crazing_142.jpg,crazing,crazing,crazing
data/NEU-CLS/train/train/images/crazing_143.jpg,crazing,crazing,crazing
data/NEU-CLS/train/train/images/crazing_144.jpg,crazing,crazing,crazing
data/NEU-CLS/train/train/images/crazing_145.jpg,crazing,crazing,crazing
data/NEU-CLS/train/train/images/crazing_147.jpg,crazing,crazing,crazing
data/NEU-CLS/train/train/images/crazing_148.jpg,crazing,crazing,crazing
data/NEU-CLS/train/train/images/crazing_149.jpg,crazing,crazing,crazing
data/NEU-CLS/train/train/images/crazing_152.jpg,crazing,crazing,crazing
data/NEU-CLS/train/train/images/crazing_164.jpg,crazing,crazing,crazing
data/NEU-CLS/train/train/images/crazing_172.jpg,crazing,crazing,rolled_in_scale
data/NEU-CLS/train/train/images/crazing_179.jpg,crazing,crazing,crazing
data/NEU-CLS/train/train/images/crazing_18.jpg,crazing,crazing,crazing
data/NEU-CLS/train/train/images/crazing_182.jpg,crazing,crazing,crazing
data/NEU-CLS/train/train/images/crazing_185.jpg,crazing,crazing,crazing
data/NEU-CLS/train/train/images/crazing_19.jpg,crazing,crazing,patches
data/NEU-CLS/train/train/images/crazing_192.jpg,crazing,crazing,crazing
data/NEU-CLS/train/train/images/crazing_195.jpg,crazing,crazing,crazing
data/NEU-CLS/train/train/images/crazing_21.jpg,crazing,crazing,crazing
data/NEU-CLS/train/train/images/crazing_218.jpg,crazing,crazing,crazing
data/NEU-CLS/train/train/images/crazing_221.jpg,crazing,crazing,crazing
data/NEU-CLS/train/train/images/crazing_231.jpg,crazing,crazing,crazing
data/NEU-CLS/train/train/images/crazing_235.jpg,crazing,crazing,crazing
data/NEU-CLS/train/train/images/crazing_237.jpg,crazing,crazing,crazing
data/NEU-CLS/train/train/images/crazing_245.jpg,crazing,crazing,crazing
data/NEU-CLS/train/train/images/crazing_246.jpg,crazing,crazing,crazing
data/NEU-CLS/train/train/images/crazing_250.jpg,crazing,crazing,crazing
data/NEU-CLS/train/train/images/crazing_253.jpg,crazing,crazing,crazing
data/NEU-CLS/train/train/images/crazing_258.jpg,crazing,crazing,crazing
data/NEU-CLS/train/train/images/crazing_27.jpg,crazing,crazing,crazing
data/NEU-CLS/train/train/images/crazing_270.jpg,crazing,crazing,crazing
data/NEU-CLS/train/train/images/crazing_271.jpg,crazing,crazing,crazing
data/NEU-CLS/train/train/images/crazing_272.jpg,crazing,crazing,crazing
data/NEU-CLS/train/train/images/crazing_273.jpg,crazing,crazing,crazing
data/NEU-CLS/train/train/images/crazing_282.jpg,crazing,crazing,crazing
data/NEU-CLS/train/train/images/crazing_286.jpg,crazing,crazing,crazing
data/NEU-CLS/train/train/images/crazing_294.jpg,crazing,patches,crazing
data/NEU-CLS/train/train/images/crazing_297.jpg,crazing,crazing,crazing
data/NEU-CLS/train/train/images/crazing_30.jpg,crazing,crazing,crazing
data/NEU-CLS/train/train/images/crazing_36.jpg,crazing,crazing,crazing
data/NEU-CLS/train/train/images/crazing_44.jpg,crazing,crazing,crazing
data/NEU-CLS/train/train/images/crazing_50.jpg,crazing,crazing,crazing
data/NEU-CLS/train/train/images/crazing_52.jpg,crazing,crazing,crazing
data/NEU-CLS/train/train/images/crazing_60.jpg,crazing,crazing,crazing
data/NEU-CLS/train/train/images/crazing_64.jpg,crazing,crazing,crazing
data/NEU-CLS/train/train/images/crazing_65.jpg,crazing,crazing,crazing
data/NEU-CLS/train/train/images/crazing_71.jpg,crazing,crazing,crazing
data/NEU-CLS/train/train/images/crazing_73.jpg,crazing,crazing,crazing
data/NEU-CLS/train/train/images/crazing_77.jpg,crazing,crazing,patches
data/NEU-CLS/train/train/images/crazing_82.jpg,crazing,crazing,rolled_in_scale
data/NEU-CLS/train/train/images/crazing_91.jpg,crazing,crazing,crazing
data/NEU-CLS/train/train/images/crazing_95.jpg,crazing,crazing,crazing
data/NEU-CLS/train/train/images/inclusion_102.jpg,inclusion,inclusion,inclusion
data/NEU-CLS/train/train/images/inclusion_104.jpg,inclusion,inclusion,inclusion
data/NEU-CLS/train/train/images/inclusion_110.jpg,inclusion,inclusion,inclusion
data/NEU-CLS/train/train/images/inclusion_114.jpg,inclusion,inclusion,inclusion
data/NEU-CLS/train/train/images/inclusion_115.jpg,inclusion,inclusion,inclusion
data/NEU-CLS/train/train/images/inclusion_117.jpg,inclusion,inclusion,inclusion
data/NEU-CLS/train/train/images/inclusion_122.jpg,inclusion,inclusion,inclusion
data/NEU-CLS/train/train/images/inclusion_123.jpg,inclusion,inclusion,inclusion
data/NEU-CLS/train/train/images/inclusion_130.jpg,inclusion,inclusion,inclusion
data/NEU-CLS/train/train/images/inclusion_131.jpg,inclusion,inclusion,inclusion
data/NEU-CLS/train/train/images/inclusion_132.jpg,inclusion,inclusion,inclusion
data/NEU-CLS/train/train/images/inclusion_134.jpg,inclusion,inclusion,inclusion
data/NEU-CLS/train/train/images/inclusion_140.jpg,inclusion,inclusion,inclusion
data/NEU-CLS/train/train/images/inclusion_143.jpg,inclusion,inclusion,inclusion
data/NEU-CLS/train/train/images/inclusion_144.jpg,inclusion,inclusion,inclusion
data/NEU-CLS/train/train/images/inclusion_148.jpg,inclusion,inclusion,inclusion
data/NEU-CLS/train/train/images/inclusion_150.jpg,inclusion,inclusion,inclusion
data/NEU-CLS/train/train/images/inclusion_151.jpg,inclusion,inclusion,inclusion
data/NEU-CLS/train/train/images/inclusion_153.jpg,inclusion,inclusion,inclusion
data/NEU-CLS/train/train/images/inclusion_158.jpg,inclusion,inclusion,inclusion
data/NEU-CLS/train/train/images/inclusion_185.jpg,inclusion,inclusion,inclusion
data/NEU-CLS/train/train/images/inclusion_187.jpg,inclusion,inclusion,inclusion
data/NEU-CLS/train/train/images/inclusion_189.jpg,inclusion,inclusion,inclusion
data/NEU-CLS/train/train/images/inclusion_193.jpg,inclusion,inclusion,inclusion
data/NEU-CLS/train/train/images/inclusion_202.jpg,inclusion,inclusion,inclusion
data/NEU-CLS/train/train/images/inclusion_204.jpg,inclusion,inclusion,inclusion
data/NEU-CLS/train/train/images/inclusion_214.jpg,inclusion,inclusion,inclusion
data/NEU-CLS/train/train/images/inclusion_215.jpg,inclusion,inclusion,inclusion
data/NEU-CLS/train/train/images/inclusion_221.jpg,inclusion,inclusion,inclusion
data/NEU-CLS/train/train/images/inclusion_232.jpg,inclusion,inclusion,inclusion
data/NEU-CLS/train/train/images/inclusion_236.jpg,inclusion,inclusion,inclusion
data/NEU-CLS/train/train/images/inclusion_237.jpg,inclusion,pitted_surface,inclusion
data/NEU-CLS/train/train/images/inclusion_238.jpg,inclusion,inclusion,inclusion
data/NEU-CLS/train/train/images/inclusion_24.jpg,inclusion,inclusion,inclusion
data/NEU-CLS/train/train/images/inclusion_242.jpg,inclusion,inclusion,inclusion
data/NEU-CLS/train/train/images/inclusion_245.jpg,inclusion,inclusion,inclusion
data/NEU-CLS/train/train/images/inclusion_253.jpg,inclusion,pitted_surface,inclusion
data/NEU-CLS/train/train/images/inclusion_255.jpg,inclusion,inclusion,inclusion
data/NEU-CLS/train/train/images/inclusion_256.jpg,inclusion,pitted_surface,inclusion
data/NEU-CLS/train/train/images/inclusion_257.jpg,inclusion,pitted_surface,inclusion
data/NEU-CLS/train/train/images/inclusion_259.jpg,inclusion,inclusion,inclusion
data/NEU-CLS/train/train/images/inclusion_263.jpg,inclusion,inclusion,inclusion
data/NEU-CLS/train/train/images/inclusion_27.jpg,inclusion,inclusion,inclusion
data/NEU-CLS/train/train/images/inclusion_272.jpg,inclusion,inclusion,inclusion
data/NEU-CLS/train/train/images/inclusion_273.jpg,inclusion,inclusion,inclusion
data/NEU-CLS/train/train/images/inclusion_299.jpg,inclusion,inclusion,inclusion
data/NEU-CLS/train/train/images/inclusion_30.jpg,inclusion,inclusion,inclusion
data/NEU-CLS/train/train/images/inclusion_31.jpg,inclusion,inclusion,inclusion
data/NEU-CLS/train/train/images/inclusion_34.jpg,inclusion,inclusion,inclusion
data/NEU-CLS/train/train/images/inclusion_41.jpg,inclusion,inclusion,inclusion
data/NEU-CLS/train/train/images/inclusion_54.jpg,inclusion,inclusion,inclusion
data/NEU-CLS/train/train/images/inclusion_55.jpg,inclusion,inclusion,inclusion
data/NEU-CLS/train/train/images/inclusion_60.jpg,inclusion,inclusion,inclusion
data/NEU-CLS/train/train/images/inclusion_63.jpg,inclusion,inclusion,inclusion
data/NEU-CLS/train/train/images/inclusion_82.jpg,inclusion,inclusion,inclusion
data/NEU-CLS/train/train/images/inclusion_87.jpg,inclusion,inclusion,inclusion
data/NEU-CLS/train/train/images/inclusion_88.jpg,inclusion,inclusion,inclusion
data/NEU-CLS/train/train/images/inclusion_89.jpg,inclusion,inclusion,inclusion
data/NEU-CLS/train/train/images/inclusion_90.jpg,inclusion,inclusion,inclusion
data/NEU-CLS/train/train/images/patches_10.jpg,patches,patches,patches
data/NEU-CLS/train/train/images/patches_101.jpg,patches,patches,patches
data/NEU-CLS/train/train/images/patches_110.jpg,patches,pitted_surface,patches
data/NEU-CLS/train/train/images/patches_112.jpg,patches,patches,patches
data/NEU-CLS/train/train/images/patches_114.jpg,patches,patches,patches
data/NEU-CLS/train/train/images/patches_117.jpg,patches,patches,patches
data/NEU-CLS/train/train/images/patches_118.jpg,patches,patches,patches
data/NEU-CLS/train/train/images/patches_135.jpg,patches,patches,patches
data/NEU-CLS/train/train/images/patches_14.jpg,patches,crazing,patches
data/NEU-CLS/train/train/images/patches_142.jpg,patches,patches,patches
data/NEU-CLS/train/train/images/patches_149.jpg,patches,patches,patches
data/NEU-CLS/train/train/images/patches_152.jpg,patches,scratches,patches
data/NEU-CLS/train/train/images/patches_163.jpg,patches,patches,patches
data/NEU-CLS/train/train/images/patches_167.jpg,patches,scratches,patches
data/NEU-CLS/train/train/images/patches_172.jpg,patches,patches,patches
data/NEU-CLS/train/train/images/patches_182.jpg,patches,patches,patches
data/NEU-CLS/train/train/images/patches_192.jpg,patches,patches,patches
data/NEU-CLS/train/train/images/patches_206.jpg,patches,patches,patches
data/NEU-CLS/train/train/images/patches_207.jpg,patches,patches,patches
data/NEU-CLS/train/train/images/patches_214.jpg,patches,patches,patches
data/NEU-CLS/train/train/images/patches_22.jpg,patches,patches,patches
data/NEU-CLS/train/train/images/patches_221.jpg,patches,patches,patches
data/NEU-CLS/train/train/images/patches_228.jpg,patches,patches,patches
data/NEU-CLS/train/train/images/patches_23.jpg,patches,patches,patches
data/NEU-CLS/train/train/images/patches_230.jpg,patches,patches,patches
data/NEU-CLS/train/train/images/patches_233.jpg,patches,crazing,patches
data/NEU-CLS/train/train/images/patches_234.jpg,patches,patches,patches
data/NEU-CLS/train/train/images/patches_235.jpg,patches,patches,patches
data/NEU-CLS/train/train/images/patches_244.jpg,patches,crazing,patches
data/NEU-CLS/train/train/images/patches_245.jpg,patches,patches,patches
data/NEU-CLS/train/train/images/patches_249.jpg,patches,scratches,patches
data/NEU-CLS/train/train/images/patches_251.jpg,patches,patches,patches
data/NEU-CLS/train/train/images/patches_257.jpg,patches,crazing,patches
data/NEU-CLS/train/train/images/patches_265.jpg,patches,patches,patches
data/NEU-CLS/train/train/images/patches_268.jpg,patches,patches,patches
data/NEU-CLS/train/train/images/patches_272.jpg,patches,patches,patches
data/NEU-CLS/train/train/images/patches_273.jpg,patches,patches,patches
data/NEU-CLS/train/train/images/patches_281.jpg,patches,patches,patches
data/NEU-CLS/train/train/images/patches_283.jpg,patches,patches,patches
data/NEU-CLS/train/train/images/patches_284.jpg,patches,patches,patches
data/NEU-CLS/train/train/images/patches_293.jpg,patches,patches,patches
data/NEU-CLS/train/train/images/patches_295.jpg,patches,patches,patches
data/NEU-CLS/train/train/images/patches_297.jpg,patches,patches,patches
data/NEU-CLS/train/train/images/patches_30.jpg,patches,patches,patches
data/NEU-CLS/train/train/images/patches_33.jpg,patches,patches,patches
data/NEU-CLS/train/train/images/patches_36.jpg,patches,patches,patches
data/NEU-CLS/train/train/images/patches_38.jpg,patches,scratches,patches
data/NEU-CLS/train/train/images/patches_42.jpg,patches,scratches,scratches
data/NEU-CLS/train/train/images/patches_51.jpg,patches,pitted_surface,patches
data/NEU-CLS/train/train/images/patches_60.jpg,patches,crazing,patches
data/NEU-CLS/train/train/images/patches_73.jpg,patches,patches,patches
data/NEU-CLS/train/train/images/patches_79.jpg,patches,patches,patches
data/NEU-CLS/train/train/images/patches_81.jpg,patches,patches,patches
data/NEU-CLS/train/train/images/patches_82.jpg,patches,patches,patches
data/NEU-CLS/train/train/images/patches_85.jpg,patches,patches,patches
data/NEU-CLS/train/train/images/patches_87.jpg,patches,patches,patches
data/NEU-CLS/train/train/images/patches_91.jpg,patches,patches,patches
data/NEU-CLS/train/train/images/patches_92.jpg,patches,patches,patches
data/NEU-CLS/train/train/images/patches_97.jpg,patches,patches,patches
data/NEU-CLS/train/train/images/pitted_surface_10.jpg,pitted_surface,inclusion,inclusion
data/NEU-CLS/train/train/images/pitted_surface_102.jpg,pitted_surface,patches,scratches
data/NEU-CLS/train/train/images/pitted_surface_103.jpg,pitted_surface,pitted_surface,inclusion
data/NEU-CLS/train/train/images/pitted_surface_104.jpg,pitted_surface,pitted_surface,pitted_surface
data/NEU-CLS/train/train/images/pitted_surface_108.jpg,pitted_surface,inclusion,inclusion
data/NEU-CLS/train/train/images/pitted_surface_110.jpg,pitted_surface,pitted_surface,inclusion
data/NEU-CLS/train/train/images/pitted_surface_117.jpg,pitted_surface,pitted_surface,inclusion
data/NEU-CLS/train/train/images/pitted_surface_122.jpg,pitted_surface,pitted_surface,pitted_surface
data/NEU-CLS/train/train/images/pitted_surface_127.jpg,pitted_surface,pitted_surface,inclusion
data/NEU-CLS/train/train/images/pitted_surface_131.jpg,pitted_surface,pitted_surface,inclusion
data/NEU-CLS/train/train/images/pitted_surface_133.jpg,pitted_surface,pitted_surface,scratches
data/NEU-CLS/train/train/images/pitted_surface_135.jpg,pitted_surface,pitted_surface,pitted_surface
data/NEU-CLS/train/train/images/pitted_surface_141.jpg,pitted_surface,pitted_surface,pitted_surface
data/NEU-CLS/train/train/images/pitted_surface_155.jpg,pitted_surface,pitted_surface,pitted_surface
data/NEU-CLS/train/train/images/pitted_surface_156.jpg,pitted_surface,pitted_surface,pitted_surface
data/NEU-CLS/train/train/images/pitted_surface_158.jpg,pitted_surface,pitted_surface,pitted_surface
data/NEU-CLS/train/train/images/pitted_surface_162.jpg,pitted_surface,pitted_surface,pitted_surface
data/NEU-CLS/train/train/images/pitted_surface_167.jpg,pitted_surface,pitted_surface,pitted_surface
data/NEU-CLS/train/train/images/pitted_surface_175.jpg,pitted_surface,patches,pitted_surface
data/NEU-CLS/train/train/images/pitted_surface_180.jpg,pitted_surface,pitted_surface,pitted_surface
data/NEU-CLS/train/train/images/pitted_surface_184.jpg,pitted_surface,pitted_surface,pitted_surface
data/NEU-CLS/train/train/images/pitted_surface_185.jpg,pitted_surface,pitted_surface,pitted_surface
data/NEU-CLS/train/train/images/pitted_surface_190.jpg,pitted_surface,pitted_surface,pitted_surface
data/NEU-CLS/train/train/images/pitted_surface_200.jpg,pitted_surface,pitted_surface,inclusion
data/NEU-CLS/train/train/images/pitted_surface_201.jpg,pitted_surface,pitted_surface,pitted_surface
data/NEU-CLS/train/train/images/pitted_surface_206.jpg,pitted_surface,pitted_surface,pitted_surface
data/NEU-CLS/train/train/images/pitted_surface_217.jpg,pitted_surface,inclusion,scratches
data/NEU-CLS/train/train/images/pitted_surface_22.jpg,pitted_surface,pitted_surface,pitted_surface
data/NEU-CLS/train/train/images/pitted_surface_220.jpg,pitted_surface,pitted_surface,pitted_surface
data/NEU-CLS/train/train/images/pitted_surface_223.jpg,pitted_surface,patches,inclusion
data/NEU-CLS/train/train/images/pitted_surface_224.jpg,pitted_surface,pitted_surface,inclusion
data/NEU-CLS/train/train/images/pitted_surface_225.jpg,pitted_surface,pitted_surface,inclusion
data/NEU-CLS/train/train/images/pitted_surface_226.jpg,pitted_surface,pitted_surface,inclusion
data/NEU-CLS/train/train/images/pitted_surface_228.jpg,pitted_surface,pitted_surface,pitted_surface
data/NEU-CLS/train/train/images/pitted_surface_235.jpg,pitted_surface,inclusion,inclusion
data/NEU-CLS/train/train/images/pitted_surface_236.jpg,pitted_surface,pitted_surface,pitted_surface
data/NEU-CLS/train/train/images/pitted_surface_237.jpg,pitted_surface,pitted_surface,pitted_surface
data/NEU-CLS/train/train/images/pitted_surface_245.jpg,pitted_surface,pitted_surface,inclusion
data/NEU-CLS/train/train/images/pitted_surface_251.jpg,pitted_surface,pitted_surface,pitted_surface
data/NEU-CLS/train/train/images/pitted_surface_255.jpg,pitted_surface,pitted_surface,pitted_surface
data/NEU-CLS/train/train/images/pitted_surface_256.jpg,pitted_surface,pitted_surface,pitted_surface
data/NEU-CLS/train/train/images/pitted_surface_260.jpg,pitted_surface,pitted_surface,pitted_surface
data/NEU-CLS/train/train/images/pitted_surface_275.jpg,pitted_surface,pitted_surface,pitted_surface
data/NEU-CLS/train/train/images/pitted_surface_279.jpg,pitted_surface,pitted_surface,inclusion
data/NEU-CLS/train/train/images/pitted_surface_283.jpg,pitted_surface,pitted_surface,pitted_surface
data/NEU-CLS/train/train/images/pitted_surface_291.jpg,pitted_surface,pitted_surface,pitted_surface
data/NEU-CLS/train/train/images/pitted_surface_299.jpg,pitted_surface,inclusion,inclusion
data/NEU-CLS/train/train/images/pitted_surface_31.jpg,pitted_surface,pitted_surface,pitted_surface
data/NEU-CLS/train/train/images/pitted_surface_33.jpg,pitted_surface,pitted_surface,pitted_surface
data/NEU-CLS/train/train/images/pitted_surface_37.jpg,pitted_surface,pitted_surface,pitted_surface
data/NEU-CLS/train/train/images/pitted_surface_51.jpg,pitted_surface,pitted_surface,pitted_surface
data/NEU-CLS/train/train/images/pitted_surface_55.jpg,pitted_surface,pitted_surface,pitted_surface
data/NEU-CLS/train/train/images/pitted_surface_56.jpg,pitted_surface,pitted_surface,pitted_surface
data/NEU-CLS/train/train/images/pitted_surface_61.jpg,pitted_surface,pitted_surface,pitted_surface
data/NEU-CLS/train/train/images/pitted_surface_82.jpg,pitted_surface,pitted_surface,inclusion
data/NEU-CLS/train/train/images/pitted_surface_83.jpg,pitted_surface,pitted_surface,pitted_surface
data/NEU-CLS/train/train/images/pitted_surface_93.jpg,pitted_surface,patches,pitted_surface
data/NEU-CLS/train/train/images/pitted_surface_97.jpg,pitted_surface,pitted_surface,inclusion
data/NEU-CLS/train/train/images/rolled-in_scale_100.jpg,rolled_in_scale,rolled_in_scale,rolled_in_scale
data/NEU-CLS/train/train/images/rolled-in_scale_105.jpg,rolled_in_scale,rolled_in_scale,rolled_in_scale
data/NEU-CLS/train/train/images/rolled-in_scale_106.jpg,rolled_in_scale,rolled_in_scale,rolled_in_scale
data/NEU-CLS/train/train/images/rolled-in_scale_109.jpg,rolled_in_scale,rolled_in_scale,rolled_in_scale
data/NEU-CLS/train/train/images/rolled-in_scale_117.jpg,rolled_in_scale,rolled_in_scale,rolled_in_scale
data/NEU-CLS/train/train/images/rolled-in_scale_120.jpg,rolled_in_scale,rolled_in_scale,rolled_in_scale
data/NEU-CLS/train/train/images/rolled-in_scale_131.jpg,rolled_in_scale,rolled_in_scale,rolled_in_scale
data/NEU-CLS/train/train/images/rolled-in_scale_145.jpg,rolled_in_scale,rolled_in_scale,rolled_in_scale
data/NEU-CLS/train/train/images/rolled-in_scale_147.jpg,rolled_in_scale,rolled_in_scale,rolled_in_scale
data/NEU-CLS/train/train/images/rolled-in_scale_148.jpg,rolled_in_scale,rolled_in_scale,rolled_in_scale
data/NEU-CLS/train/train/images/rolled-in_scale_149.jpg,rolled_in_scale,rolled_in_scale,rolled_in_scale
data/NEU-CLS/train/train/images/rolled-in_scale_152.jpg,rolled_in_scale,rolled_in_scale,rolled_in_scale
data/NEU-CLS/train/train/images/rolled-in_scale_16.jpg,rolled_in_scale,rolled_in_scale,rolled_in_scale
data/NEU-CLS/train/train/images/rolled-in_scale_17.jpg,rolled_in_scale,rolled_in_scale,rolled_in_scale
data/NEU-CLS/train/train/images/rolled-in_scale_172.jpg,rolled_in_scale,rolled_in_scale,rolled_in_scale
data/NEU-CLS/train/train/images/rolled-in_scale_173.jpg,rolled_in_scale,rolled_in_scale,rolled_in_scale
data/NEU-CLS/train/train/images/rolled-in_scale_176.jpg,rolled_in_scale,rolled_in_scale,rolled_in_scale
data/NEU-CLS/train/train/images/rolled-in_scale_177.jpg,rolled_in_scale,rolled_in_scale,rolled_in_scale
data/NEU-CLS/train/train/images/rolled-in_scale_178.jpg,rolled_in_scale,rolled_in_scale,rolled_in_scale
data/NEU-CLS/train/train/images/rolled-in_scale_179.jpg,rolled_in_scale,rolled_in_scale,rolled_in_scale
data/NEU-CLS/train/train/images/rolled-in_scale_182.jpg,rolled_in_scale,rolled_in_scale,rolled_in_scale
data/NEU-CLS/train/train/images/rolled-in_scale_186.jpg,rolled_in_scale,rolled_in_scale,rolled_in_scale
data/NEU-CLS/train/train/images/rolled-in_scale_187.jpg,rolled_in_scale,rolled_in_scale,rolled_in_scale
data/NEU-CLS/train/train/images/rolled-in_scale_189.jpg,rolled_in_scale,rolled_in_scale,rolled_in_scale
data/NEU-CLS/train/train/images/rolled-in_scale_197.jpg,rolled_in_scale,rolled_in_scale,rolled_in_scale
data/NEU-CLS/train/train/images/rolled-in_scale_200.jpg,rolled_in_scale,rolled_in_scale,rolled_in_scale
data/NEU-CLS/train/train/images/rolled-in_scale_207.jpg,rolled_in_scale,rolled_in_scale,rolled_in_scale
data/NEU-CLS/train/train/images/rolled-in_scale_208.jpg,rolled_in_scale,rolled_in_scale,rolled_in_scale
data/NEU-CLS/train/train/images/rolled-in_scale_215.jpg,rolled_in_scale,rolled_in_scale,rolled_in_scale
data/NEU-CLS/train/train/images/rolled-in_scale_232.jpg,rolled_in_scale,rolled_in_scale,rolled_in_scale
data/NEU-CLS/train/train/images/rolled-in_scale_236.jpg,rolled_in_scale,rolled_in_scale,rolled_in_scale
data/NEU-CLS/train/train/images/rolled-in_scale_242.jpg,rolled_in_scale,rolled_in_scale,rolled_in_scale
data/NEU-CLS/train/train/images/rolled-in_scale_245.jpg,rolled_in_scale,rolled_in_scale,rolled_in_scale
data/NEU-CLS/train/train/images/rolled-in_scale_246.jpg,rolled_in_scale,rolled_in_scale,rolled_in_scale
data/NEU-CLS/train/train/images/rolled-in_scale_249.jpg,rolled_in_scale,rolled_in_scale,rolled_in_scale
data/NEU-CLS/train/train/images/rolled-in_scale_255.jpg,rolled_in_scale,rolled_in_scale,rolled_in_scale
data/NEU-CLS/train/train/images/rolled-in_scale_260.jpg,rolled_in_scale,rolled_in_scale,rolled_in_scale
data/NEU-CLS/train/train/images/rolled-in_scale_264.jpg,rolled_in_scale,rolled_in_scale,rolled_in_scale
data/NEU-CLS/train/train/images/rolled-in_scale_27.jpg,rolled_in_scale,rolled_in_scale,rolled_in_scale
data/NEU-CLS/train/train/images/rolled-in_scale_276.jpg,rolled_in_scale,rolled_in_scale,rolled_in_scale
data/NEU-CLS/train/train/images/rolled-in_scale_278.jpg,rolled_in_scale,rolled_in_scale,rolled_in_scale
data/NEU-CLS/train/train/images/rolled-in_scale_282.jpg,rolled_in_scale,rolled_in_scale,rolled_in_scale
data/NEU-CLS/train/train/images/rolled-in_scale_294.jpg,rolled_in_scale,rolled_in_scale,rolled_in_scale
data/NEU-CLS/train/train/images/rolled-in_scale_300.jpg,rolled_in_scale,rolled_in_scale,rolled_in_scale
data/NEU-CLS/train/train/images/rolled-in_scale_31.jpg,rolled_in_scale,rolled_in_scale,rolled_in_scale
data/NEU-CLS/train/train/images/rolled-in_scale_34.jpg,rolled_in_scale,rolled_in_scale,rolled_in_scale
data/NEU-CLS/train/train/images/rolled-in_scale_37.jpg,rolled_in_scale,rolled_in_scale,rolled_in_scale
data/NEU-CLS/train/train/images/rolled-in_scale_42.jpg,rolled_in_scale,rolled_in_scale,rolled_in_scale
data/NEU-CLS/train/train/images/rolled-in_scale_46.jpg,rolled_in_scale,rolled_in_scale,rolled_in_scale
data/NEU-CLS/train/train/images/rolled-in_scale_47.jpg,rolled_in_scale,rolled_in_scale,rolled_in_scale
data/NEU-CLS/train/train/images/rolled-in_scale_52.jpg,rolled_in_scale,rolled_in_scale,rolled_in_scale
data/NEU-CLS/train/train/images/rolled-in_scale_55.jpg,rolled_in_scale,rolled_in_scale,rolled_in_scale
data/NEU-CLS/train/train/images/rolled-in_scale_57.jpg,rolled_in_scale,rolled_in_scale,rolled_in_scale
data/NEU-CLS/train/train/images/rolled-in_scale_58.jpg,rolled_in_scale,rolled_in_scale,rolled_in_scale
data/NEU-CLS/train/train/images/rolled-in_scale_62.jpg,rolled_in_scale,rolled_in_scale,rolled_in_scale
data/NEU-CLS/train/train/images/rolled-in_scale_63.jpg,rolled_in_scale,rolled_in_scale,rolled_in_scale
data/NEU-CLS/train/train/images/rolled-in_scale_7.jpg,rolled_in_scale,rolled_in_scale,rolled_in_scale
data/NEU-CLS/train/train/images/rolled-in_scale_70.jpg,rolled_in_scale,rolled_in_scale,rolled_in_scale
data/NEU-CLS/train/train/images/rolled-in_scale_85.jpg,rolled_in_scale,rolled_in_scale,rolled_in_scale
data/NEU-CLS/train/train/images/rolled-in_scale_92.jpg,rolled_in_scale,rolled_in_scale,rolled_in_scale
data/NEU-CLS/train/train/images/scratches_101.jpg,scratches,scratches,scratches
data/NEU-CLS/train/train/images/scratches_103.jpg,scratches,scratches,scratches
data/NEU-CLS/train/train/images/scratches_107.jpg,scratches,scratches,scratches
data/NEU-CLS/train/train/images/scratches_117.jpg,scratches,scratches,scratches
data/NEU-CLS/train/train/images/scratches_121.jpg,scratches,scratches,scratches
data/NEU-CLS/train/train/images/scratches_124.jpg,scratches,scratches,inclusion
data/NEU-CLS/train/train/images/scratches_125.jpg,scratches,scratches,scratches
data/NEU-CLS/train/train/images/scratches_132.jpg,scratches,scratches,scratches
data/NEU-CLS/train/train/images/scratches_133.jpg,scratches,scratches,scratches
data/NEU-CLS/train/train/images/scratches_135.jpg,scratches,scratches,scratches
data/NEU-CLS/train/train/images/scratches_141.jpg,scratches,scratches,scratches
data/NEU-CLS/train/train/images/scratches_148.jpg,scratches,scratches,scratches
data/NEU-CLS/train/train/images/scratches_153.jpg,scratches,scratches,scratches
data/NEU-CLS/train/train/images/scratches_154.jpg,scratches,scratches,scratches
data/NEU-CLS/train/train/images/scratches_155.jpg,scratches,scratches,scratches
data/NEU-CLS/train/train/images/scratches_160.jpg,scratches,scratches,scratches
data/NEU-CLS/train/train/images/scratches_164.jpg,scratches,scratches,scratches
data/NEU-CLS/train/train/images/scratches_172.jpg,scratches,scratches,scratches
data/NEU-CLS/train/train/images/scratches_18.jpg,scratches,inclusion,inclusion
data/NEU-CLS/train/train/images/scratches_180.jpg,scratches,scratches,scratches
data/NEU-CLS/train/train/images/scratches_188.jpg,scratches,scratches,scratches
data/NEU-CLS/train/train/images/scratches_189.jpg,scratches,scratches,scratches
data/NEU-CLS/train/train/images/scratches_194.jpg,scratches,scratches,scratches
data/NEU-CLS/train/train/images/scratches_196.jpg,scratches,scratches,scratches
data/NEU-CLS/train/train/images/scratches_202.jpg,scratches,inclusion,scratches
data/NEU-CLS/train/train/images/scratches_208.jpg,scratches,scratches,scratches
data/NEU-CLS/train/train/images/scratches_210.jpg,scratches,scratches,scratches
data/NEU-CLS/train/train/images/scratches_211.jpg,scratches,scratches,scratches
data/NEU-CLS/train/train/images/scratches_22.jpg,scratches,scratches,scratches
data/NEU-CLS/train/train/images/scratches_223.jpg,scratches,scratches,scratches
data/NEU-CLS/train/train/images/scratches_230.jpg,scratches,scratches,scratches
data/NEU-CLS/train/train/images/scratches_231.jpg,scratches,scratches,scratches
data/NEU-CLS/train/train/images/scratches_244.jpg,scratches,scratches,scratches
data/NEU-CLS/train/train/images/scratches_253.jpg,scratches,scratches,scratches
data/NEU-CLS/train/train/images/scratches_259.jpg,scratches,scratches,scratches
data/NEU-CLS/train/train/images/scratches_26.jpg,scratches,scratches,scratches
data/NEU-CLS/train/train/images/scratches_260.jpg,scratches,scratches,scratches
data/NEU-CLS/train/train/images/scratches_276.jpg,scratches,scratches,scratches
data/NEU-CLS/train/train/images/scratches_278.jpg,scratches,scratches,scratches
data/NEU-CLS/train/train/images/scratches_279.jpg,scratches,scratches,scratches
data/NEU-CLS/train/train/images/scratches_285.jpg,scratches,scratches,scratches
data/NEU-CLS/train/train/images/scratches_294.jpg,scratches,scratches,scratches
data/NEU-CLS/train/train/images/scratches_295.jpg,scratches,scratches,scratches
data/NEU-CLS/train/train/images/scratches_297.jpg,scratches,scratches,inclusion
data/NEU-CLS/train/train/images/scratches_34.jpg,scratches,inclusion,inclusion
data/NEU-CLS/train/train/images/scratches_35.jpg,scratches,scratches,inclusion
data/NEU-CLS/train/train/images/scratches_49.jpg,scratches,scratches,scratches
data/NEU-CLS/train/train/images/scratches_51.jpg,scratches,scratches,scratches
data/NEU-CLS/train/train/images/scratches_54.jpg,scratches,scratches,scratches
data/NEU-CLS/train/train/images/scratches_59.jpg,scratches,scratches,scratches
data/NEU-CLS/train/train/images/scratches_60.jpg,scratches,inclusion,scratches
data/NEU-CLS/train/train/images/scratches_66.jpg,scratches,scratches,scratches
data/NEU-CLS/train/train/images/scratches_68.jpg,scratches,scratches,scratches
data/NEU-CLS/train/train/images/scratches_69.jpg,scratches,inclusion,inclusion
data/NEU-CLS/train/train/images/scratches_70.jpg,scratches,inclusion,inclusion
data/NEU-CLS/train/train/images/scratches_73.jpg,scratches,inclusion,inclusion
data/NEU-CLS/train/train/images/scratches_75.jpg,scratches,inclusion,scratches
data/NEU-CLS/train/train/images/scratches_91.jpg,scratches,scratches,scratches
data/NEU-CLS/valid/valid/images/crazing_3.jpg,crazing,crazing,rolled_in_scale
data/NEU-CLS/valid/valid/images/inclusion_2.jpg,inclusion,inclusion,inclusion
data/NEU-CLS/valid/valid/images/patches_1.jpg,patches,patches,patches
data/NEU-CLS/valid/valid/images/pitted_surface_2.jpg,pitted_surface,pitted_surface,inclusion
data/NEU-CLS/valid/valid/images/pitted_surface_5.jpg,pitted_surface,pitted_surface,pitted_surface
data/NEU-CLS/valid/valid/images/scratches_1.jpg,scratches,inclusion,inclusion
data/NEU-CLS/valid/valid/images/scratches_3.jpg,scratches,scratches,scratches
