model,batch_size,stage,median_seconds,p95_seconds,median_ms,amortised_ms_per_image,images_per_second
CNN,1,end_to_end,0.007036000024527311,0.0076036050391849125,7.036000024527311,7.036000024527311,142.1262075773204
CNN,1,file_read_decode,0.0016627000295557082,0.0027276400360278785,1.6627000295557082,1.6627000295557082,601.4313960571776
CNN,1,model_only,0.0033480499987490475,0.004213314957451075,3.3480499987490475,3.3480499987490475,298.6813220751292
CNN,1,preprocessing,0.00020489998860284686,0.0003146499919239431,0.20489998860284686,0.20489998860284686,4880.4297492582
CNN,32,end_to_end,0.091253999969922,0.09841279505635611,91.253999969922,2.8516874990600627,350.6695598061174
CNN,32,file_read_decode,0.04106815002160147,0.046401684993179516,41.06815002160147,1.2833796881750459,779.1926342717725
CNN,32,model_only,0.03895074996398762,0.040609625005163255,38.95074996398762,1.217210936374613,821.5502918322749
CNN,32,preprocessing,0.007987150049302727,0.008788814925355836,7.987150049302727,0.24959843904071022,4006.4353120289234
HOG-SVM,1,end_to_end,0.029351500037591904,0.03654225501813925,29.351500037591904,29.351500037591904,34.06980899508547
HOG-SVM,1,file_read_decode,0.001279550022445619,0.0017574750003404912,1.279550022445619,1.279550022445619,781.524741087252
HOG-SVM,1,model_only,0.011964600009378046,0.013050755020231007,11.964600009378046,11.964600009378046,83.57989395518312
HOG-SVM,1,preprocessing,0.0133886500261724,0.02304426502087153,13.3886500261724,13.3886500261724,74.69012917995317
HOG-SVM,32,end_to_end,0.8055857500294223,0.8461350750178098,805.5857500294223,25.174554688419448,39.72264901511883
HOG-SVM,32,file_read_decode,0.044738249969668686,0.05792970503680406,44.738249969668686,1.3980703115521464,715.2716081137534
HOG-SVM,32,model_only,0.34731615002965555,0.38271286497474644,347.31615002965555,10.853629688426736,92.13507634835779
HOG-SVM,32,preprocessing,0.4199356499593705,0.44702940999413837,419.9356499593705,13.122989061230328,76.20215145605299
