model,batch_size,stage,repeat,seconds
HOG-SVM,1,file_read_decode,0,0.0019511999562382698
HOG-SVM,1,file_read_decode,1,0.001520700054243207
HOG-SVM,1,file_read_decode,2,0.0013126000994816422
HOG-SVM,1,file_read_decode,3,0.0012941000750288367
HOG-SVM,1,file_read_decode,4,0.0008498999522998929
HOG-SVM,1,file_read_decode,5,0.000876000034622848
HOG-SVM,1,file_read_decode,6,0.001420399989001453
HOG-SVM,1,file_read_decode,7,0.0012649999698624015
HOG-SVM,1,file_read_decode,8,0.0011168000055477023
HOG-SVM,1,file_read_decode,9,0.001029399922117591
HOG-SVM,1,preprocessing,0,0.02416490006726235
HOG-SVM,1,preprocessing,1,0.021674599964171648
HOG-SVM,1,preprocessing,2,0.018335600034333766
HOG-SVM,1,preprocessing,3,0.013956899987533689
HOG-SVM,1,preprocessing,4,0.011055000009946525
HOG-SVM,1,preprocessing,5,0.013057800009846687
HOG-SVM,1,preprocessing,6,0.013074900023639202
HOG-SVM,1,preprocessing,7,0.013189000077545643
HOG-SVM,1,preprocessing,8,0.013293700059875846
HOG-SVM,1,preprocessing,9,0.013483599992468953
HOG-SVM,1,model_only,0,0.009948599967174232
HOG-SVM,1,model_only,1,0.010234299930743873
HOG-SVM,1,model_only,2,0.011162100010551512
HOG-SVM,1,model_only,3,0.010495399939827621
HOG-SVM,1,model_only,4,0.011690199957229197
HOG-SVM,1,model_only,5,0.012547999969683588
HOG-SVM,1,model_only,6,0.012239000061526895
HOG-SVM,1,model_only,7,0.013456700020469725
HOG-SVM,1,model_only,8,0.012550200102850795
HOG-SVM,1,model_only,9,0.012554600019939244
HOG-SVM,1,end_to_end,0,0.027207099949009717
HOG-SVM,1,end_to_end,1,0.030575499986298382
HOG-SVM,1,end_to_end,2,0.03860600001644343
HOG-SVM,1,end_to_end,3,0.030017799930647016
HOG-SVM,1,end_to_end,4,0.027141799917444587
HOG-SVM,1,end_to_end,5,0.034019900020211935
HOG-SVM,1,end_to_end,6,0.029532100073993206
HOG-SVM,1,end_to_end,7,0.02809709997382015
HOG-SVM,1,end_to_end,8,0.029170900001190603
HOG-SVM,1,end_to_end,9,0.028059600037522614
CNN,1,file_read_decode,0,0.0022567000705748796
CNN,1,file_read_decode,1,0.0017107999883592129
CNN,1,file_read_decode,2,0.0025218999944627285
CNN,1,file_read_decode,3,0.002743300050497055
CNN,1,file_read_decode,4,0.0027085000183433294
CNN,1,file_read_decode,5,0.0013453999999910593
CNN,1,file_read_decode,6,0.0008597999112680554
CNN,1,file_read_decode,7,0.0016146000707522035
CNN,1,file_read_decode,8,0.0014032000908628106
CNN,1,file_read_decode,9,0.0008774000452831388
CNN,1,preprocessing,0,0.00016219995450228453
CNN,1,preprocessing,1,0.0001588000450283289
CNN,1,preprocessing,2,0.00015470001380890608
CNN,1,preprocessing,3,0.00015269999857991934
CNN,1,preprocessing,4,0.00015109998639672995
CNN,1,preprocessing,5,0.0002476000227034092
CNN,1,preprocessing,6,0.0003303999546915293
CNN,1,preprocessing,7,0.00028359994757920504
CNN,1,preprocessing,8,0.0002886999864131212
CNN,1,preprocessing,9,0.0002954000374302268
CNN,1,model_only,0,0.00320759997703135
CNN,1,model_only,1,0.003724799957126379
CNN,1,model_only,2,0.002515799948014319
CNN,1,model_only,3,0.0023502999683842063
CNN,1,model_only,4,0.0023276000283658504
CNN,1,model_only,5,0.00285950000397861
CNN,1,model_only,6,0.003488500020466745
CNN,1,model_only,7,0.004277799976989627
CNN,1,model_only,8,0.004134499933570623
CNN,1,model_only,9,0.0041027000406757
CNN,1,end_to_end,0,0.0070173999993130565
CNN,1,end_to_end,1,0.007432500016875565
CNN,1,end_to_end,2,0.006831499980762601
CNN,1,end_to_end,3,0.006997600081376731
CNN,1,end_to_end,4,0.006949100061319768
CNN,1,end_to_end,5,0.007743600057438016
CNN,1,end_to_end,6,0.007173200021497905
CNN,1,end_to_end,7,0.007054600049741566
CNN,1,end_to_end,8,0.007108599995262921
CNN,1,end_to_end,9,0.006546200020238757
HOG-SVM,32,file_read_decode,0,0.06594920007046312
HOG-SVM,32,file_read_decode,1,0.04387030005455017
HOG-SVM,32,file_read_decode,2,0.04243779997341335
HOG-SVM,32,file_read_decode,3,0.043476999970152974
HOG-SVM,32,file_read_decode,4,0.045016399933956563
HOG-SVM,32,file_read_decode,5,0.04723929997999221
HOG-SVM,32,file_read_decode,6,0.04613749997224659
HOG-SVM,32,file_read_decode,7,0.04812809999566525
HOG-SVM,32,file_read_decode,8,0.04446010000538081
HOG-SVM,32,file_read_decode,9,0.039501899969764054
HOG-SVM,32,preprocessing,0,0.4261627000523731
HOG-SVM,32,preprocessing,1,0.4201452999841422
HOG-SVM,32,preprocessing,2,0.4154742999235168
HOG-SVM,32,preprocessing,3,0.44201440003234893
HOG-SVM,32,preprocessing,4,0.4114630001131445
HOG-SVM,32,preprocessing,5,0.40882660006172955
HOG-SVM,32,preprocessing,6,0.45113259996287525
HOG-SVM,32,preprocessing,7,0.4197259999345988
HOG-SVM,32,preprocessing,8,0.404183299979195
HOG-SVM,32,preprocessing,9,0.42694880010094494
HOG-SVM,32,model_only,0,0.3602627000072971
HOG-SVM,32,model_only,1,0.3360326999099925
HOG-SVM,32,model_only,2,0.35782489995472133
HOG-SVM,32,model_only,3,0.33558129996526986
HOG-SVM,32,model_only,4,0.3394635000731796
HOG-SVM,32,model_only,5,0.3899715000297874
HOG-SVM,32,model_only,6,0.3508333000354469
HOG-SVM,32,model_only,7,0.3437990000238642
HOG-SVM,32,model_only,8,0.3738411999074742
HOG-SVM,32,model_only,9,0.33817849995102733
HOG-SVM,32,end_to_end,0,0.8516865000128746
HOG-SVM,32,end_to_end,1,0.7584619999397546
HOG-SVM,32,end_to_end,2,0.7973391999257728
HOG-SVM,32,end_to_end,3,0.7827049000188708
HOG-SVM,32,end_to_end,4,0.8099862999515608
HOG-SVM,32,end_to_end,5,0.8342106000054628
HOG-SVM,32,end_to_end,6,0.8011852001072839
HOG-SVM,32,end_to_end,7,0.8393500000238419
HOG-SVM,32,end_to_end,8,0.7878429000265896
HOG-SVM,32,end_to_end,9,0.81525560002774
CNN,32,file_read_decode,0,0.04037629999220371
CNN,32,file_read_decode,1,0.04588430002331734
CNN,32,file_read_decode,2,0.03839240001980215
CNN,32,file_read_decode,3,0.04100980004295707
CNN,32,file_read_decode,4,0.03980330005288124
CNN,32,file_read_decode,5,0.04408850008621812
CNN,32,file_read_decode,6,0.045352700049988925
CNN,32,file_read_decode,7,0.04017090005800128
CNN,32,file_read_decode,8,0.04112650000024587
CNN,32,file_read_decode,9,0.0468249999685213
CNN,32,preprocessing,0,0.007536599994637072
CNN,32,preprocessing,1,0.008160100085660815
CNN,32,preprocessing,2,0.007684899959713221
CNN,32,preprocessing,3,0.00674010009970516
CNN,32,preprocessing,4,0.008540599956177175
CNN,32,preprocessing,5,0.007061699987389147
CNN,32,preprocessing,6,0.008532700012438
CNN,32,preprocessing,7,0.008991899900138378
CNN,32,preprocessing,8,0.008228500024415553
CNN,32,preprocessing,9,0.007814200012944639
CNN,32,model_only,0,0.039187800022773445
CNN,32,model_only,1,0.037482299958355725
CNN,32,model_only,2,0.03879569994751364
CNN,32,model_only,3,0.04082809993997216
CNN,32,model_only,4,0.03920590004418045
CNN,32,model_only,5,0.0391057999804616
CNN,32,model_only,6,0.04034260008484125
CNN,32,model_only,7,0.03781500004697591
CNN,32,model_only,8,0.03775030001997948
CNN,32,model_only,9,0.03745629999320954
CNN,32,end_to_end,0,0.08770019991789013
CNN,32,end_to_end,1,0.09291989996563643
CNN,32,end_to_end,2,0.09167849994264543
CNN,32,end_to_end,3,0.09082949999719858
CNN,32,end_to_end,4,0.1006821000482887
CNN,32,end_to_end,5,0.09364640002604574
CNN,32,end_to_end,6,0.08669399993959814
CNN,32,end_to_end,7,0.08910390001256019
CNN,32,end_to_end,8,0.08405629999469966
CNN,32,end_to_end,9,0.09563920006621629
